entry_time,exit_time,direction,entry_px,exit_px,exit_reason,gross_pts,cost_pts,net_pts,net_krw,size_factor,exit_date,entry_close,entry_high,entry_low,entry_volume,exit_close,exit_high,exit_low,exit_volume,regime,year,entry_rsi,entry_macd,entry_macd_signal,entry_macd_hist,entry_atr,entry_supertrend,entry_supertrend_dir,entry_ma20,entry_ma60,entry_bb_upper,entry_bb_lower,entry_bb_middle,is_win,entry_hour,entry_dayofweek,entry_month,win_probability,entry_quality_score,atr_stop_loss,atr_take_profit
2019-06-03 11:10:00,2019-06-03 15:45:00,1,266.0,268.25,eod,2.25,0.1160275,2.1339725,67220.13375000001,1.0,2019-06-03,265.95,266.05,265.95,0.0,268.25,268.25,268.25,0.0,0.0,2019,50.76923076923093,0.4637055092577498,0.5260816258533926,-0.0623761165956427,0.3250000000000049,267.1625,1.0,265.8525,,266.63283393661413,265.0721660633859,265.8525,1,11,0,6,0.7172199,0.8928306138306138,0.48750000000000737,1.137500000000017
2019-06-10 10:15:00,2019-06-10 15:45:00,1,269.15,272.1,eod,2.950000000000045,0.1162375,2.833762500000045,89263.51875000143,1.0,2019-06-10,269.1,269.25,269.0,0.0,272.1,272.1,272.1,0.0,1.0,2019,25.423728813560373,0.2360622811842745,0.3368464766102403,-0.1007841954259658,0.3214285714285795,265.8339285714286,-1.0,269.475,268.9766666666667,271.2654718578321,267.68452814216795,269.475,1,10,0,6,0.8144968,0.9280999972249973,0.48214285714286925,1.1250000000000282
2019-06-17 10:50:00,2019-06-17 12:35:00,1,271.5,269.9,eod,-1.6000000000000227,0.116242,-1.7162420000000227,-54061.62300000071,1.0,2019-06-17,271.35,271.6,271.2,0.0,269.9,269.95,269.8,0.0,1.0,2019,68.88888888888843,0.3727488654371313,0.2643128617535393,0.108436003683592,0.3250000000000008,274.8142857142857,1.0,270.5975,270.3041666666667,271.88855220246046,269.3064477975395,270.5975,0,10,0,6,0.6530466,0.7503764201484787,0.48750000000000115,1.1375000000000028
2019-07-19 09:15:00,2019-07-19 15:45:00,1,273.55,275.15,eod,1.599999999999966,0.116461,1.483538999999966,46731.47849999893,1.0,2019-07-19,273.25,273.6,273.2,0.0,275.15,275.15,275.15,0.0,1.0,2019,75.60975609756181,0.5110185955367683,0.2436303025982286,0.2673882929385397,0.4035714285714228,275.4464285714286,1.0,271.5825,271.2183333333333,273.48603549178176,269.6789645082182,271.5825,1,9,4,7,0.7127741,0.9176361416361414,0.6053571428571343,1.4124999999999799
2019-08-20 11:55:00,2019-08-20 15:45:00,1,256.6,258.0,eod,1.3999999999999773,0.115438,1.2845619999999771,40463.70299999929,1.0,2019-08-20,256.9,257.0,256.55,0.0,258.0,258.0,258.0,0.0,1.0,2019,80.39215686274497,0.3448881946900428,0.2702500213621406,0.0746381733279022,0.2857142857142897,250.01071428571427,-1.0,255.98999999999995,255.4983333333333,257.038608100116,254.9413918998839,255.98999999999995,1,11,1,8,0.87088543,0.9413730991230992,0.42857142857143454,1.000000000000014
2019-09-04 15:10:00,2019-09-04 15:45:00,1,260.6,261.9,eod,1.2999999999999543,0.115675,1.1843249999999546,37306.23749999857,1.0,2019-09-04,261.3,261.55,260.55,0.0,261.9,261.9,261.9,0.0,1.0,2019,81.48148148148141,0.3566677711929173,0.1977446357960529,0.1589231353968644,0.3214285714285673,250.01071428571427,-1.0,259.70000000000005,259.3975,260.7021030518506,258.6978969481495,259.70000000000005,1,15,2,9,0.7122549,0.9623964923964924,0.48214285714285093,1.1249999999999856
2019-09-24 11:50:00,2019-09-24 15:45:00,1,277.0,278.25,eod,1.25,0.1166575,1.1333425,35700.28875,1.0,2019-09-24,276.95,277.1,276.9,0.0,278.25,278.25,278.25,0.0,1.0,2019,77.77777777777732,0.1497861618321394,0.0855280832716382,0.0642580785605012,0.2285714285714359,277.4660714285714,1.0,276.5925,276.5208333333333,277.24322833678457,275.9417716632154,276.5925,1,11,1,9,0.7312981,0.908295732045732,0.34285714285715385,0.8000000000000256
2019-10-22 09:20:00,2019-10-22 15:45:00,1,276.1,278.2,eod,2.099999999999966,0.116629,1.9833709999999656,62476.18649999892,1.0,2019-10-22,276.75,276.85,276.1,0.0,278.2,278.2,278.2,0.0,1.0,2019,90.76923076923184,0.467880993451331,0.2293885897828017,0.2384924036685293,0.3928571428571307,272.575,-1.0,274.7675,274.5366666666667,276.40240704706696,273.132592952933,274.7675,1,9,1,10,0.7606422,0.9587632367632366,0.589285714285696,1.3749999999999574
2020-01-07 09:15:00,2020-01-07 15:45:00,1,290.55,292.4,eod,1.849999999999966,0.1174885,1.7325114999999658,54574.11224999892,1.0,2020-01-07,290.95,291.0,290.5,0.0,292.4,292.4,292.4,0.0,1.0,2020,70.88607594936715,0.3302633383765396,0.1278286854260772,0.2024346529504624,0.4642857142857102,296.2553571428571,1.0,289.505,289.21583333333336,290.89060266196884,288.11939733803115,289.505,1,9,1,1,0.6617215,0.954345238095238,0.6964285714285653,1.6249999999999858
2020-01-22 12:05:00,2020-01-22 15:45:00,1,305.05,306.75,eod,1.6999999999999886,0.118354,1.5816459999999886,49821.84899999964,1.0,2020-01-22,305.1,305.1,304.8,0.0,306.75,306.75,306.75,0.0,1.0,2020,87.99999999999982,0.4395890893501928,0.3441420773001336,0.0954470120500591,0.3535714285714358,308.29821428571427,1.0,304.14,303.49083333333334,305.5824394541942,302.6975605458058,304.14,1,12,2,1,0.7982841,0.9105861360861364,0.5303571428571537,1.2375000000000254
2020-03-20 14:40:00,2020-03-20 15:45:00,1,208.25,215.55,eod,7.300000000000011,0.112714,7.187286000000011,226399.5090000004,1.0,2020-03-20,208.1,208.55,207.9,0.0,215.55,215.55,215.55,0.0,1.0,2020,47.5524475524476,0.4572563225389956,0.550429297555575,-0.0931729750165794,0.9607142857142932,308.29821428571427,1.0,207.98,206.1475,209.8248791140385,206.1351208859615,207.98,1,14,4,3,0.7376768,0.926615218115218,1.4410714285714397,3.362500000000026
2020-03-24 13:35:00,2020-03-24 15:20:00,1,212.5,218.4,pivot,5.900000000000006,0.112927,5.787073000000006,182292.79950000017,1.0,2020-03-24,213.2,213.2,212.4,0.0,219.7,219.75,218.0,0.0,1.0,2020,45.962732919254606,0.0454824452762068,0.0901775414968014,-0.0446950962205946,1.06785714285714,308.29821428571427,1.0,212.8375,210.84333333333333,215.05415347534063,210.62084652465936,212.8375,1,13,1,3,0.80716705,0.95401998001998,1.60178571428571,3.73749999999999
2020-03-25 13:55:00,2020-03-25 15:15:00,1,225.35,231.2,pivot,5.849999999999994,0.1136965,5.736303499999995,180693.56024999983,1.0,2020-03-25,227.35,228.25,225.3,0.0,230.6,231.7,230.5,0.0,1.0,2020,46.49999999999991,-0.3754020919093079,-0.1254598078665083,-0.2499422840427996,1.1607142857142858,308.29821428571427,1.0,227.0875,226.8308333333333,229.7774178227681,224.3975821772319,227.0875,1,13,2,3,0.85301375,0.9218742646242646,1.7410714285714288,4.0625
2020-04-06 12:45:00,2020-04-06 14:40:00,1,236.9,239.15,pivot,2.25,0.1142815,2.1357185,67275.13274999999,1.0,2020-04-06,236.85,237.0,236.75,0.0,239.65,239.8,239.1,0.0,1.0,2020,67.16417910447772,0.4223288720868936,0.422432393435772,-0.0001035213488784,0.44285714285714,308.29821428571427,1.0,236.43,235.01083333333327,237.46027844922224,235.3997215507777,236.43,1,12,0,4,0.72936964,0.8664541014541013,0.66428571428571,1.54999999999999
2020-04-10 11:55:00,2020-04-10 15:45:00,1,244.1,247.1,eod,3.0,0.114736,2.885264,90885.816,1.0,2020-04-10,244.2,244.3,244.0,0.0,247.1,247.1,247.1,0.0,1.0,2020,38.09523809523806,-0.2017856469618095,-0.1410861508215985,-0.060699496140211,0.5500000000000013,308.29821428571427,1.0,244.635,244.45916666666665,246.05815439076449,243.2118456092355,244.635,1,11,4,4,0.88262767,0.9744119769119768,0.825000000000002,1.9250000000000045
2020-04-16 13:00:00,2020-04-16 14:55:00,1,245.65,247.2,pivot,1.549999999999983,0.1147855,1.435214499999983,45209.25674999946,1.0,2020-04-16,245.75,245.85,245.6,0.0,246.95,247.2,246.75,0.0,1.0,2020,54.90196078431371,0.0847328788076993,0.0324966178100406,0.0522362609976586,0.3785714285714294,308.29821428571427,1.0,245.385,245.36,246.06175697182803,244.70824302817195,245.385,1,13,3,4,0.7673336,0.9881370851370852,0.5678571428571441,1.3250000000000028
2020-04-22 13:00:00,2020-04-22 14:50:00,1,245.95,248.85,pivot,2.9000000000000057,0.114844,2.785156000000005,87732.41400000018,1.0,2020-04-22,246.25,246.3,245.75,0.0,249.65,249.65,248.8,0.0,1.0,2020,58.46153846153879,0.2396663351822781,0.2533990191175981,-0.01373268393532,0.4571428571428576,308.29821428571427,1.0,245.975,245.6408333333333,246.75737156267428,245.1926284373257,245.975,1,13,2,4,0.7990931,0.9584335386835388,0.6857142857142864,1.6000000000000014
2020-04-27 10:30:00,2020-04-27 15:45:00,1,251.9,254.55,eod,2.6500000000000057,0.1151935,2.534806500000005,79846.40475000018,1.0,2020-04-27,252.25,252.45,251.8,0.0,254.55,254.55,254.55,0.0,1.0,2020,70.27027027027033,0.5350315740178644,0.4215693156250693,0.113462258392795,0.5464285714285718,308.29821428571427,1.0,250.96750000000003,250.27333333333337,252.52728237317905,249.40771762682104,250.96750000000003,1,10,0,4,0.8777006,0.9535036491286492,0.8196428571428578,1.9125000000000014
2020-05-06 10:45:00,2020-05-06 15:45:00,1,252.05,255.2,eod,3.1499999999999773,0.1152175,3.0347824999999773,95595.64874999928,1.0,2020-05-06,251.9,252.35,251.9,0.0,255.2,255.2,255.2,0.0,1.0,2020,42.49999999999991,0.1758829613793864,0.1098845388992878,0.0659984224800986,0.5571428571428539,308.29821428571427,1.0,251.695,251.43,252.9788675120636,250.41113248793644,251.695,1,10,2,5,0.65736866,0.9894642857142858,0.835714285714281,1.9499999999999889
2020-05-18 09:15:00,2020-05-18 13:05:00,1,253.05,255.85,pivot,2.799999999999983,0.115267,2.6847329999999827,84569.08949999945,1.0,2020-05-18,252.9,253.25,252.9,0.0,255.45,255.85,255.35,0.0,1.0,2020,34.0425531914899,-0.0929191143649461,0.0047256729206125,-0.0976447872855587,0.4642857142857143,308.29821428571427,1.0,253.6175,253.3358333333333,254.1834412273415,253.05155877265847,253.6175,1,9,0,5,0.9021328,0.96578373015873,0.6964285714285714,1.625
2020-06-30 13:40:00,2020-06-30 15:15:00,1,282.6,280.35,eod,-2.25,0.1168885,-2.3668885,-74556.98775,1.0,2020-06-30,282.65,282.85,282.55,0.0,280.35,280.6,280.15,0.0,1.0,2020,64.10256410256343,0.2393480075701859,0.2450574739251725,-0.0057094663549866,0.2642857142857134,275.7767857142857,-1.0,282.2325,281.62083333333334,282.8158433580807,281.6491566419192,282.2325,0,13,1,6,0.62212217,0.793790612165612,0.39642857142857013,0.9249999999999969
2020-07-30 09:20:00,2020-07-30 13:05:00,1,303.5,302.4,pivot,-1.1000000000000227,0.118177,-1.2181770000000227,-38372.57550000071,1.0,2020-07-30,303.75,303.75,303.25,0.0,302.55,302.65,302.35,0.0,1.0,2020,81.33333333333363,0.6399664833703582,0.3670574748597844,0.2729090085105738,0.5071428571428628,304.2607142857143,1.0,301.7325,301.26666666666665,303.6467883796658,299.8182116203341,301.7325,0,9,3,7,0.6121118,0.8185641025641023,0.7607142857142941,1.7750000000000197
2020-08-05 12:25:00,2020-08-05 15:45:00,1,305.15,306.7,eod,1.5500000000000114,0.1183555,1.4316445000000113,45096.80175000036,1.0,2020-08-05,305.4,305.5,305.1,0.0,306.7,306.7,306.7,0.0,1.0,2020,81.8181818181823,0.4080306459236453,0.3525237437629326,0.0555069021607126,0.3321428571428555,296.8303571428572,-1.0,304.40500000000003,303.56,305.68804735959543,303.12195264040463,304.40500000000003,1,12,2,8,0.8445629,0.9730995670995672,0.4982142857142833,1.1624999999999943
2020-11-05 10:40:00,2020-11-05 15:45:00,1,318.35,320.9,eod,2.5499999999999545,0.1191775,2.4308224999999544,76570.90874999856,1.0,2020-11-05,318.7,318.75,318.35,0.0,320.9,320.9,320.9,0.0,1.0,2020,53.96825396825414,0.8786607214099149,1.0184961774687775,-0.1398354560588626,0.442857142857142,320.0571428571428,1.0,318.4775,315.6508333333333,319.44729379332034,317.5077062066797,318.4775,1,10,3,11,0.87424606,0.8911267882444354,0.664285714285713,1.549999999999997
2020-11-11 09:15:00,2020-11-11 15:45:00,1,327.95,331.25,eod,3.300000000000012,0.119776,3.1802240000000115,100177.05600000036,1.0,2020-11-11,328.25,328.4,327.95,0.0,331.25,331.25,331.25,0.0,1.0,2020,80.28169014084418,0.5353230312244932,0.3102950276509985,0.2250280035734947,0.432142857142862,328.9714285714286,1.0,326.37749999999994,325.7316666666667,327.881345947493,324.8736540525069,326.37749999999994,1,9,2,11,0.7261892,0.9395088485860544,0.648214285714293,1.512500000000017
2020-12-24 12:35:00,2020-12-24 15:45:00,1,369.85,374.1,eod,4.25,0.1223185,4.1276815,130021.96725,1.0,2020-12-24,370.0,370.1,369.8,0.0,374.1,374.1,374.1,0.0,1.0,2020,63.636363636363015,0.2967814417199292,0.2795826039566988,0.0171988377632304,0.3071428571428539,373.1392857142858,1.0,369.3775,368.2275,370.0396138440685,368.71538615593136,369.3775,1,12,3,12,0.74545395,0.9699960741872508,0.46071428571428086,1.0749999999999886
2020-12-30 10:55:00,2020-12-30 13:50:00,1,381.45,387.8,pivot,6.350000000000023,0.1230775,6.226922500000023,196148.05875000072,1.0,2020-12-30,381.85,381.9,381.4,0.0,387.5,387.8,387.35,0.0,1.0,2020,69.84126984126927,0.4412179143189405,0.4281066507174659,0.0131112636014746,0.5821428571428636,382.8482142857143,1.0,381.0100000000001,379.5066666666667,381.8117087055747,380.2082912944254,381.0100000000001,1,10,2,12,0.66683763,0.903325087766264,0.8732142857142955,2.0375000000000227
2021-01-05 09:20:00,2021-01-05 15:05:00,1,399.2,404.55,pivot,5.350000000000023,0.1241125,5.225887500000023,164615.45625000072,1.0,2021-01-05,398.35,399.25,398.2,0.0,405.2,405.45,404.45,0.0,1.0,2021,43.52941176470612,-0.0269808487721547,0.1409251541342804,-0.1679060029064352,0.9785714285714237,401.4839285714286,1.0,399.4925,399.1725,400.7932184249687,398.1917815750313,399.4925,1,9,1,1,0.8774503,0.9853347763347764,1.4678571428571354,3.424999999999983
2021-01-08 09:30:00,2021-01-08 14:40:00,1,419.15,426.65,pivot,7.5,0.125374,7.374626,232300.719,1.0,2021-01-08,418.7,419.45,418.0,0.0,426.65,427.05,426.05,0.0,1.0,2021,73.47826086956512,1.6811176992029573,0.9838322255515696,0.6972854736513876,1.2607142857142963,421.1357142857143,1.0,414.55,413.2575,420.6398535113312,408.4601464886688,414.55,1,9,4,1,0.67020535,0.8895928205781145,1.8910714285714445,4.412500000000037
2021-01-08 14:40:00,2021-01-08 15:45:00,1,426.65,430.35,eod,3.7000000000000455,0.12571,3.5742900000000453,112590.13500000142,1.0,2021-01-08,426.65,427.05,426.05,0.0,430.35,430.35,430.35,0.0,1.0,2021,74.21383647798724,1.0548756724957684,0.8430368599241775,0.2118388125715908,1.017857142857147,428.9071428571429,1.0,424.6025,422.45,427.2219565527192,421.9830434472807,424.6025,1,14,4,1,0.85330987,0.9022399267399268,1.5267857142857206,3.5625000000000147
2021-01-25 10:45:00,2021-01-25 15:45:00,1,432.25,436.6,eod,4.350000000000023,0.1260655,4.223934500000023,133053.93675000072,1.0,2021-01-25,432.4,432.9,432.15,0.0,436.6,436.6,436.6,0.0,1.0,2021,71.05263157894738,0.8839004810038773,0.7874571995754702,0.096443281428407,1.0214285714285682,434.725,1.0,430.99750000000006,429.7791666666666,433.8482570554893,428.1467429445108,430.99750000000006,1,10,0,1,0.6716098,0.9132967645099996,1.5321428571428524,3.5749999999999886
2021-02-01 11:40:00,2021-02-01 15:25:00,1,409.75,414.8,pivot,5.050000000000011,0.1247365,4.925263500000011,155145.80025000035,1.0,2021-02-01,410.4,410.6,409.2,0.0,414.85,415.0,414.55,0.0,1.0,2021,46.478873239436574,0.7753368591289131,0.9229032868238868,-0.1475664276949735,1.085714285714285,438.0321428571428,1.0,410.06000000000006,407.2825,412.2608610754944,407.8591389245057,410.06000000000006,1,11,0,2,0.8038222,0.8580295434269892,1.6285714285714274,3.799999999999997
2021-02-03 10:00:00,2021-02-03 11:15:00,1,426.0,421.0,pivot,-5.0,0.12541,-5.1254100000000005,-161450.415,1.0,2021-02-03,424.8,426.0,424.65,0.0,421.5,421.55,420.6,0.0,1.0,2021,63.6771300448432,1.1191983142352342,1.0315155843095904,0.0876827299256437,1.5714285714285754,438.0321428571428,1.0,423.945,422.93000000000006,428.46919228032544,419.42080771967454,423.945,0,10,2,2,0.7008799,0.7317238684518095,2.357142857142863,5.500000000000014
2021-02-25 10:30:00,2021-02-25 15:45:00,1,415.8,422.95,eod,7.149999999999977,0.1251625,7.024837499999977,221282.38124999928,1.0,2021-02-25,415.6,416.3,415.6,0.0,422.95,422.95,422.95,0.0,1.0,2021,63.030303030303145,1.1851997072975564,1.1680744454176473,0.0171252618799091,1.0321428571428524,404.9785714285714,-1.0,414.475,412.4825,418.3594494292527,410.5905505707474,414.475,1,10,3,2,0.62020475,0.8313087002866417,1.5482142857142787,3.6124999999999834
2021-03-03 10:15:00,2021-03-03 15:10:00,1,413.75,419.15,pivot,5.399999999999977,0.124987,5.275012999999977,166162.90949999928,1.0,2021-03-03,414.45,414.6,413.7,0.0,419.4,419.4,418.95,0.0,1.0,2021,54.79452054794512,0.0661390585190702,0.1565679849490188,-0.0904289264299486,1.0249999999999977,404.9785714285714,-1.0,414.8625,414.8416666666666,416.2947874601191,413.4302125398809,414.8625,1,10,2,3,0.8256906,0.9867902930402932,1.5374999999999965,3.587499999999992
2021-03-08 09:55:00,2021-03-08 12:05:00,1,413.8,410.6,eod,-3.1999999999999886,0.124732,-3.3247319999999885,-104729.05799999964,1.0,2021-03-08,414.5,414.75,413.75,0.0,410.6,411.55,410.5,0.0,1.0,2021,63.9784946236561,0.6020633549002241,0.5058526519772346,0.0962107029229895,1.1964285714285714,403.9857142857143,-1.0,412.98,411.7600000000001,414.7969957854153,411.1630042145848,412.98,0,9,0,3,0.61208224,0.9609284696784696,1.7946428571428572,4.1875
2021-03-11 10:00:00,2021-03-11 12:35:00,1,407.9,412.35,pivot,4.4500000000000455,0.1246075,4.325392500000046,136249.86375000144,1.0,2021-03-11,407.75,408.0,407.45,0.0,412.2,412.55,412.2,0.0,1.0,2021,69.23076923076931,1.0328138991474702,0.9007743644605116,0.1320395346869585,1.0892857142857102,397.6375,-1.0,406.2475,405.3358333333333,410.34839528094864,402.14660471905137,406.2475,1,10,3,3,0.686714,0.8538022219326566,1.6339285714285654,3.812499999999986
2021-05-04 14:20:00,2021-05-04 15:45:00,1,421.4,423.2,eod,1.8000000000000114,0.125338,1.6746620000000114,52751.85300000036,1.0,2021-05-04,421.35,421.55,421.25,0.0,423.2,423.2,423.2,0.0,1.0,2021,81.53846153846226,0.4045310635603414,0.2287984274456639,0.1757326361146774,0.4035714285714188,397.6375,-1.0,420.07,419.9225,421.4039296911636,418.7360703088364,420.07,1,14,1,5,0.77303195,0.9488599733599732,0.6053571428571283,1.412499999999966
2021-05-18 09:15:00,2021-05-18 15:45:00,1,419.85,422.9,eod,3.0499999999999545,0.1252825,2.9247174999999546,92128.60124999857,1.0,2021-05-18,421.2,421.25,419.75,0.0,422.9,422.9,422.9,0.0,1.0,2021,78.00000000000107,0.6554138703302783,0.3928594686263412,0.2625544017039371,0.6607142857142898,397.6375,-1.0,418.61,417.5808333333333,420.45208120283314,416.7679187971668,418.61,1,9,1,5,0.857747,0.9600119047619046,0.9910714285714347,2.312500000000014
2021-07-15 10:15:00,2021-07-15 15:45:00,1,433.85,436.25,eod,2.3999999999999773,0.126103,2.273896999999977,71627.75549999929,1.0,2021-07-15,434.05,434.1,433.75,0.0,436.25,436.25,436.25,0.0,1.0,2021,45.71428571428548,0.1897299059904185,0.1938034405923143,-0.0040735346018958,0.5000000000000081,422.4214285714286,-1.0,433.745,433.23333333333335,434.4407767335497,433.0492232664503,433.745,1,10,3,7,0.6592937,0.9663219558219558,0.7500000000000122,1.7500000000000284
2021-08-03 13:45:00,2021-08-03 15:45:00,1,428.5,430.3,eod,1.8000000000000114,0.125764,1.6742360000000114,52738.43400000036,1.0,2021-08-03,428.4,428.65,428.4,0.0,430.3,430.3,430.3,0.0,1.0,2021,45.83333333333254,0.1032405581161128,0.0952211952449689,0.0080193628711439,0.2750000000000057,429.79285714285714,1.0,428.3675,428.1141666666666,428.8672631016521,427.8677368983479,428.3675,1,13,1,8,0.6837438,0.9671790986790988,0.4125000000000085,0.9625000000000199
2021-08-31 09:15:00,2021-08-31 15:45:00,1,411.25,419.5,eod,8.25,0.1249225,8.1250775,255939.94125,1.0,2021-08-31,411.25,411.4,410.75,0.0,419.5,419.5,419.5,0.0,1.0,2021,44.30379746835439,-0.087440027002799,-0.0586830309378939,-0.0287569960649051,0.6142857142857038,398.58214285714286,-1.0,411.595,411.585,412.388990587183,410.80100941281694,411.595,1,9,1,8,0.7692577,0.9886153846153846,0.9214285714285557,2.149999999999963
2021-10-26 09:15:00,2021-10-26 15:45:00,1,397.15,399.35,eod,2.200000000000045,0.123895,2.0761050000000454,65397.30750000143,1.0,2021-10-26,397.0,397.5,396.8,0.0,399.35,399.35,399.35,0.0,1.0,2021,60.24096385542173,0.4277459976528348,0.2736825273586131,0.1540634702942217,0.5464285714285738,398.39464285714286,1.0,396.01,395.4283333333333,397.3767479650486,394.6432520349514,396.01,1,9,1,10,0.7882736,0.8844393694540752,0.8196428571428607,1.9125000000000083
2021-11-22 10:50:00,2021-11-22 15:45:00,1,396.7,400.0,eod,3.300000000000012,0.123901,3.176099000000012,100047.11850000036,1.0,2021-11-22,396.9,397.05,396.7,0.0,400.0,400.0,400.0,0.0,1.0,2021,67.69230769230734,1.0666259586134856,1.1629981019977276,-0.0963721433842419,0.4499999999999927,397.55,1.0,396.0825,392.3558333333333,396.9980240086962,395.1669759913038,396.0825,1,10,0,11,0.7592539,0.8735842580621993,0.674999999999989,1.5749999999999744
2021-12-01 11:30:00,2021-12-01 15:45:00,1,380.35,383.0,eod,2.6499999999999773,0.1229005,2.527099499999977,79603.63424999928,1.0,2021-12-01,380.7,381.0,380.3,0.0,383.0,383.0,383.0,0.0,1.0,2021,93.05555555555684,1.0151625908973188,0.8494821411792475,0.1656804497180712,0.5464285714285657,386.5303571428572,1.0,378.59,376.7441666666666,380.7005250033154,376.47947499668464,378.59,1,11,2,12,0.7916499,0.9466731532356532,0.8196428571428486,1.91249999999998
2021-12-07 11:40:00,2021-12-07 15:45:00,1,393.75,396.15,eod,2.3999999999999773,0.123697,2.2763029999999773,71703.54449999929,1.0,2021-12-07,394.1,394.2,393.7,0.0,396.15,396.15,396.15,0.0,1.0,2021,70.00000000000037,0.318650939879717,0.265439586518529,0.053211353361188,0.6285714285714253,394.9535714285714,1.0,393.345,393.03583333333336,394.20149223428496,392.4885077657151,393.345,1,11,1,12,0.6970275,0.972394078144078,0.942857142857138,2.1999999999999886
2022-04-04 11:55:00,2022-04-04 15:45:00,1,364.35,365.5,eod,1.1499999999999773,0.1218955,1.028104499999977,32385.291749999287,1.0,2022-04-04,364.45,364.55,364.2,0.0,365.5,365.5,365.5,0.0,1.0,2022,65.71428571428655,0.206397343682795,0.2207498294114721,-0.0143524857286771,0.2892857142857191,360.50892857142856,-1.0,364.2175,363.535,364.55196736929344,363.8830326307066,364.2175,1,11,0,4,0.8827985,0.928489236253942,0.43392857142857866,1.0125000000000168
2022-04-13 09:20:00,2022-04-13 15:45:00,1,353.9,358.8,eod,4.900000000000034,0.121381,4.778619000000034,150526.49850000106,1.0,2022-04-13,353.65,353.9,353.15,0.0,358.8,358.8,358.8,0.0,1.0,2022,58.82352941176411,0.4169588738481593,0.2974485958084646,0.1195102780396947,0.5178571428571429,350.7392857142857,-1.0,352.9725,352.3583333333333,354.2089954720625,351.73600452793744,352.9725,1,9,2,4,0.7124446,0.9416443461222872,0.7767857142857144,1.8125000000000002
2022-04-28 09:30:00,2022-04-28 15:45:00,1,345.6,349.9,eod,4.2999999999999545,0.120865,4.179134999999954,131642.75249999855,1.0,2022-04-28,345.6,345.9,345.5,0.0,349.9,349.9,349.9,0.0,1.0,2022,55.91397849462373,0.0907252441539867,0.1140227513331101,-0.0232975071791233,0.6964285714285755,341.9535714285714,-1.0,345.7625,345.6816666666667,346.59719187486525,344.92780812513473,345.7625,1,9,3,4,0.7135015,0.9651373348873348,1.0446428571428632,2.437500000000014
2022-05-13 11:55:00,2022-05-13 15:45:00,1,344.4,345.7,eod,1.3000000000000114,0.120703,1.1792970000000111,37147.855500000354,1.0,2022-05-13,344.45,344.5,344.35,0.0,345.7,345.7,345.7,0.0,1.0,2022,74.19354838709748,0.6630875164140093,0.7546048495130561,-0.0915173330990467,0.2928571428571404,356.5696428571428,1.0,343.895,341.19250000000005,344.6204036985556,343.1695963014444,343.895,1,11,4,5,0.83129346,0.882744116994117,0.43928571428571056,1.0249999999999913
2022-05-20 09:15:00,2022-05-20 15:45:00,1,346.25,349.65,eod,3.3999999999999773,0.120877,3.279122999999977,103292.37449999928,1.0,2022-05-20,346.5,346.75,346.25,0.0,349.65,349.65,349.65,0.0,1.0,2022,75.34246575342453,0.6172626620173673,0.1842343808531741,0.4330282811641932,0.7321428571428531,356.5696428571428,1.0,343.475,343.18416666666667,346.1820084477848,340.7679915522152,343.475,1,9,4,5,0.77124274,0.9781805971805972,1.0982142857142796,2.562499999999986
2022-06-24 09:15:00,2022-06-24 14:45:00,1,307.6,313.4,pivot,5.7999999999999545,0.11863,5.681369999999955,178963.15499999857,1.0,2022-06-24,308.25,308.4,306.9,0.0,313.55,313.7,313.25,0.0,1.0,2022,56.11510791366929,0.1567421837740426,-0.0337897134250625,0.1905318971991051,0.9107142857142816,303.73035714285714,-1.0,306.8825,306.8275,308.40574964196776,305.3592503580322,306.8825,1,9,4,6,0.72752523,0.9622014790764792,1.3660714285714224,3.187499999999986
2022-06-28 14:50:00,2022-06-28 15:45:00,1,317.1,318.95,eod,1.849999999999966,0.1190815,1.7309184999999658,54523.93274999892,1.0,2022-06-28,317.15,317.25,316.85,0.0,318.95,318.95,318.95,0.0,1.0,2022,50.0,0.1862467099217042,0.2024075240915018,-0.0161608141697976,0.4607142857142808,303.73035714285714,-1.0,316.9625,316.5216666666667,317.6437334004113,316.2812665995886,316.9625,1,14,1,6,0.674042,0.9944902597402596,0.6910714285714212,1.6124999999999827
2022-07-18 10:20:00,2022-07-18 15:45:00,1,313.05,316.0,eod,2.9499999999999886,0.1188715,2.831128499999988,89180.54774999963,1.0,2022-07-18,312.9,313.2,312.7,0.0,316.0,316.0,316.0,0.0,1.0,2022,61.34453781512578,1.0331294217506295,1.0303554621243478,0.0027739596262819,0.7892857142857151,314.6678571428571,1.0,311.64250000000004,309.1258333333334,314.8305162117984,308.4544837882017,311.64250000000004,1,10,0,7,0.78030205,0.8054664567458681,1.1839285714285728,2.762500000000003
2022-07-26 12:00:00,2022-07-26 15:45:00,1,319.1,320.5,eod,1.3999999999999773,0.119188,1.2808119999999772,40345.57799999928,1.0,2022-07-26,319.1,319.25,319.05,0.0,320.5,320.5,320.5,0.0,1.0,2022,47.91666666666741,0.0263927489002071,0.0381564847001042,-0.0117637357998971,0.3250000000000049,321.65,1.0,319.2225,319.1558333333333,319.6448680094732,318.8001319905269,319.2225,1,12,1,7,0.67433894,0.969007215007215,0.48750000000000737,1.137500000000017
2022-08-31 12:20:00,2022-08-31 15:45:00,1,319.3,321.0,eod,1.6999999999999886,0.119209,1.5807909999999885,49794.91649999964,1.0,2022-08-31,319.9,320.0,319.3,0.0,321.0,321.0,321.0,0.0,1.0,2022,82.35294117647072,0.3696111268806135,0.2485203060098474,0.121090820870766,0.3321428571428555,314.0625,-1.0,318.615,318.33250000000004,319.57147378621147,317.65852621378855,318.615,1,12,2,8,0.74529046,0.9713401875901876,0.4982142857142833,1.1624999999999943
2022-11-11 13:00:00,2022-11-11 15:45:00,1,323.05,324.95,eod,1.8999999999999773,0.11944,1.7805599999999773,56087.63999999929,1.0,2022-11-11,323.2,323.2,322.95,0.0,324.95,324.95,324.95,0.0,1.0,2022,64.99999999999963,0.4244951915470665,0.4395758572103296,-0.0150806656632631,0.3607142857142865,325.23035714285714,1.0,322.5675,320.5808333333334,323.209269756018,321.925730243982,322.5675,1,13,4,11,0.6221784,0.9171336163836163,0.5410714285714298,1.2625000000000026
2022-11-30 12:45:00,2022-11-30 15:45:00,1,317.8,319.65,eod,1.849999999999966,0.1191235,1.730876499999966,54522.60974999893,1.0,2022-11-30,317.9,318.05,317.8,0.0,319.65,319.65,319.65,0.0,1.0,2022,57.77777777777722,0.1968667707023996,0.2380470909135764,-0.0411803202111767,0.3071428571428579,319.07142857142856,1.0,317.755,316.95750000000004,318.547663729424,316.96233627057603,317.755,1,12,2,11,0.7415731,0.990422077922078,0.46071428571428685,1.0750000000000026
2022-12-22 10:00:00,2022-12-22 15:45:00,1,302.35,305.05,eod,2.6999999999999886,0.118222,2.581777999999989,81326.00699999965,1.0,2022-12-22,302.05,302.5,302.05,0.0,305.05,305.05,305.05,0.0,1.0,2022,61.36363636363672,0.2845205855053905,0.2579772351386601,0.0265433503667303,0.5607142857142914,300.1642857142857,-1.0,301.8375,301.5191666666667,303.11930587974007,300.5556941202599,301.8375,1,10,3,12,0.6613708,0.9621119550384256,0.8410714285714371,1.96250000000002
2023-01-04 09:30:00,2023-01-04 15:45:00,1,293.25,297.0,eod,3.75,0.1177075,3.6322925,114417.21375,1.0,2023-01-04,293.0,293.25,292.45,0.0,297.0,297.0,297.0,0.0,1.0,2023,60.130718954248245,0.2787212915249029,0.0769797401531067,0.2017415513717961,0.8000000000000114,284.875,-1.0,291.4125,290.67833333333334,293.3340878850576,289.49091211494243,291.4125,1,9,2,1,0.6228207,0.9303266178266176,1.200000000000017,2.80000000000004
2023-01-26 11:05:00,2023-01-26 15:45:00,1,323.2,326.65,eod,3.4499999999999886,0.1194955,3.3305044999999884,104910.89174999965,1.0,2023-01-26,323.3,323.3,323.1,0.0,326.65,326.65,326.65,0.0,1.0,2023,52.94117647058902,0.2364161299381635,0.2133642151504018,0.0230519147877616,0.3500000000000024,324.0642857142857,1.0,322.87,322.2933333333333,323.5159590992256,322.2240409007744,322.87,1,11,3,1,0.6545007,0.9552604372751432,0.5250000000000037,1.2250000000000085
2023-02-01 13:30:00,2023-02-01 15:45:00,1,320.55,322.85,eod,2.300000000000012,0.119302,2.180698000000012,68691.98700000036,1.0,2023-02-01,320.15,320.55,319.9,0.0,322.85,322.85,322.85,0.0,1.0,2023,33.9999999999994,-0.0572999017459778,0.0423695989214742,-0.0996695006674521,0.3500000000000065,317.8017857142857,-1.0,321.04,320.865,321.6704551404731,320.40954485952693,321.04,1,13,2,2,0.8942646,0.95375,0.5250000000000097,1.2250000000000227
2023-02-13 13:50:00,2023-02-13 15:45:00,1,320.95,322.6,eod,1.650000000000034,0.1193065,1.530693500000034,48216.84525000108,1.0,2023-02-13,321.1,321.1,320.75,0.0,322.6,322.6,322.6,0.0,1.0,2023,40.00000000000057,0.0275859133831772,0.0719070723883991,-0.0443211590052218,0.2892857142857232,324.05357142857144,1.0,321.27750000000003,321.1975,321.7072796251924,320.8477203748077,321.27750000000003,1,13,0,2,0.7512233,0.9654808802308804,0.43392857142858476,1.0125000000000313
2023-04-10 10:05:00,2023-04-10 14:15:00,1,329.2,328.05,eod,-1.1499999999999773,0.1197175,-1.2697174999999772,-39996.10124999928,1.0,2023-04-10,329.3,329.5,329.15,0.0,328.05,328.1,327.85,0.0,1.0,2023,80.68965517241395,0.9350658354328516,0.6427589093649032,0.2923069260679484,0.7857142857142857,330.50357142857143,1.0,326.6425,325.55,329.553147422994,323.731852577006,326.6425,0,10,0,4,0.75199157,0.913860334110334,1.1785714285714286,2.75
2023-05-17 11:30:00,2023-05-17 14:50:00,1,327.7,327.1,eod,-0.5999999999999659,0.119644,-0.7196439999999659,-22668.785999998923,1.0,2023-05-17,327.65,327.8,327.65,0.0,327.1,327.15,326.95,0.0,1.0,2023,68.18181818181677,0.3720700180003291,0.3393349811892667,0.0327350368110624,0.250000000000004,321.3285714285714,-1.0,327.2075,326.3691666666666,327.9375144194421,326.4774855805578,327.2075,0,11,2,5,0.685246,0.7220987852017263,0.375000000000006,0.875000000000014
2023-05-22 09:00:00,2023-05-22 14:10:00,1,335.0,337.25,eod,2.25,0.1201675,2.1298325,67089.72375,1.0,2023-05-22,334.45,335.0,333.95,0.0,337.25,337.3,337.0,0.0,1.0,2023,53.65853658536559,0.0968794705873961,0.1074710880021092,-0.0105916174147131,0.2928571428571364,321.3285714285714,-1.0,334.46,334.175,334.88002506189173,334.03997493810823,334.46,1,9,0,5,0.6847557,0.9764632867132867,0.43928571428570456,1.0249999999999773
2023-06-02 09:15:00,2023-06-02 15:45:00,1,340.8,342.95,eod,2.1499999999999773,0.1205125,2.029487499999977,63928.85624999929,1.0,2023-06-02,340.85,341.05,340.75,0.0,342.95,342.95,342.95,0.0,1.0,2023,77.38095238095185,0.5283297466651788,0.2382085036145682,0.2901212430506106,0.4428571428571298,321.3285714285714,-1.0,338.89500000000004,338.4125,340.88044705292924,336.90955294707084,338.89500000000004,1,9,4,6,0.8986546,0.9593149350649348,0.6642857142856947,1.5499999999999543
2023-06-07 09:40:00,2023-06-07 13:20:00,1,345.45,344.75,eod,-0.6999999999999886,0.120706,-0.8207059999999886,-25852.23899999964,1.0,2023-06-07,345.6,345.65,345.3,0.0,344.75,344.9,344.7,0.0,1.0,2023,83.33333333333255,0.3813523300563588,0.2423726852535194,0.1389796448028394,0.3964285714285722,321.3285714285714,-1.0,344.5775,344.3666666666667,345.9572310950651,343.1977689049349,344.5775,0,9,2,6,0.74466485,0.7496259190156248,0.5946428571428582,1.3875000000000026
2023-06-09 10:30:00,2023-06-09 15:45:00,1,346.5,349.5,eod,3.0,0.12088,2.87912,90692.28,1.0,2023-06-09,347.0,347.05,346.5,0.0,349.5,349.5,349.5,0.0,1.0,2023,55.7142857142854,0.9570134093338538,0.9559139093107736,0.0010995000230802,0.4071428571428563,321.3285714285714,-1.0,345.6325,342.87,347.4858823986802,343.7791176013198,345.6325,1,10,4,6,0.78688306,0.8573520344035049,0.6107142857142844,1.4249999999999972
2023-06-19 09:05:00,2023-06-19 15:45:00,1,345.7,345.1,eod,-0.5999999999999659,0.120724,-0.720723999999966,-22702.805999998927,1.0,2023-06-19,345.5,345.8,345.4,0.0,345.1,345.1,345.1,0.0,1.0,2023,36.48648648648666,0.0321995029987078,0.1442295843765775,-0.1120300813778696,0.4178571428571526,321.3285714285714,-1.0,346.4875,345.9741666666667,347.38479124529886,345.5902087547012,346.4875,0,9,0,6,0.7609815,0.951075036075036,0.6267857142857289,1.462500000000034
2023-07-11 09:50:00,2023-07-11 15:45:00,1,336.8,338.85,eod,2.050000000000012,0.1202695,1.929730500000012,60786.51075000036,1.0,2023-07-11,336.95,337.0,336.75,0.0,338.85,338.85,338.85,0.0,1.0,2023,90.9999999999992,0.9440869459560872,0.686519983779785,0.2575669621763022,0.5392857142857191,331.5875,-1.0,334.6975,334.0191666666667,338.5792352332587,330.81576476674127,334.6975,1,9,1,7,0.7246024,0.8962581841206233,0.8089285714285788,1.887500000000017
2023-08-01 09:20:00,2023-08-01 15:45:00,1,350.0,352.35,eod,2.3500000000000227,0.1210705,2.2289295000000227,70211.27925000072,1.0,2023-08-01,350.55,350.65,349.9,0.0,352.35,352.35,352.35,0.0,1.0,2023,84.37499999999922,0.753429863821907,0.4325824816380389,0.3208473821838681,0.517857142857151,331.5875,-1.0,347.885,347.1191666666667,350.0990936127785,345.67090638722146,347.885,1,9,1,8,0.90427214,0.9780605158730158,0.7767857142857265,1.8125000000000284
2023-09-01 09:15:00,2023-09-01 14:00:00,1,335.35,337.75,pivot,2.3999999999999773,0.120193,2.2798069999999773,71813.92049999928,1.0,2023-09-01,335.8,335.9,335.25,0.0,337.9,337.95,337.65,0.0,1.0,2023,65.65656565656616,0.3025976781831332,0.1951641917190091,0.107433486464124,0.5142857142857095,336.3482142857143,1.0,334.72,334.2958333333333,335.85295143211204,333.587048567888,334.72,1,9,4,9,0.8052671,0.9710470847235552,0.7714285714285642,1.7999999999999832
2023-09-04 13:25:00,2023-09-04 15:45:00,1,339.6,340.75,eod,1.1499999999999773,0.1204105,1.0295894999999773,32432.069249999284,1.0,2023-09-04,339.55,339.6,339.45,0.0,340.75,340.75,340.75,0.0,1.0,2023,51.51515151515183,0.1506382063101909,0.1759954389504336,-0.0253572326402426,0.2464285714285665,340.4125,1.0,339.48,339.06666666666666,339.7815748141063,339.17842518589373,339.48,1,13,0,9,0.6303783,0.9193047508047508,0.3696428571428497,0.8624999999999827
2023-09-14 09:00:00,2023-09-14 15:15:00,1,337.4,340.3,eod,2.900000000000034,0.120331,2.7796690000000344,87559.57350000108,1.0,2023-09-14,337.15,337.5,337.1,0.0,340.3,340.35,340.0,0.0,1.0,2023,67.7966101694898,0.2900786868233354,0.168354754934542,0.1217239318887933,0.3285714285714383,333.8482142857143,-1.0,336.3,335.84583333333336,337.22508890048874,335.3749110995113,336.3,1,9,3,9,0.68243134,0.9840167147667148,0.4928571428571574,1.150000000000034
2023-10-24 13:05:00,2023-10-24 15:45:00,1,315.95,319.55,eod,3.6000000000000227,0.119065,3.4809350000000228,109649.45250000073,1.0,2023-10-24,315.75,315.95,315.5,0.0,319.55,319.55,319.55,0.0,1.0,2023,39.13043478260919,-0.0019215997368746,0.0532455516535848,-0.0551671513904595,0.4071428571428604,312.1839285714285,-1.0,316.325,316.2083333333333,317.4561382251964,315.1938617748036,316.325,1,13,1,10,0.79171324,0.972345238095238,0.6107142857142907,1.4250000000000114
2023-11-06 09:00:00,2023-11-06 15:45:00,1,324.8,335.3,eod,10.5,0.119803,10.380197,326976.20550000004,1.0,2023-11-06,323.75,324.8,323.45,0.0,335.3,335.3,335.3,0.0,1.0,2023,78.26086956521742,1.1859761676259382,0.5932393089147004,0.5927368587112377,0.7428571428571412,305.8678571428572,-1.0,320.365,319.6225,324.74258645353115,315.9874135464689,320.365,1,9,0,11,0.7749301,0.9316778707403708,1.1142857142857119,2.5999999999999943
2023-11-28 09:25:00,2023-11-28 15:45:00,1,335.65,338.4,eod,2.75,0.1202215,2.6297785,82838.02275,1.0,2023-11-28,336.0,336.0,335.6,0.0,338.4,338.4,338.4,0.0,1.0,2023,64.0776699029121,0.5633439469310701,0.4680834210834926,0.0952605258475775,0.5642857142857126,339.13928571428573,1.0,335.07000000000005,334.27000000000004,336.9019963227132,333.23800367728694,335.07000000000005,1,9,1,11,0.66333485,0.9493589428001192,0.8464285714285689,1.974999999999994
2023-12-20 09:00:00,2023-12-20 15:45:00,1,347.65,351.65,eod,4.0,0.120979,3.879021,122189.1615,1.0,2023-12-20,347.55,347.9,347.45,0.0,351.65,351.65,351.65,0.0,1.0,2023,86.90476190476278,0.8182014768427734,0.4706686807090885,0.3475327961336849,0.4357142857142792,348.4678571428572,1.0,345.15,344.43500000000006,347.80766022937206,342.4923397706279,345.15,1,9,2,12,0.7641252,0.9487506590631588,0.6535714285714188,1.5249999999999773
2023-12-27 11:00:00,2023-12-27 15:45:00,1,353.45,355.9,eod,2.4499999999999886,0.1212805,2.3287194999999885,73354.66424999964,1.0,2023-12-27,353.65,353.75,353.4,0.0,355.9,355.9,355.9,0.0,1.0,2023,66.66666666666615,0.3197478969387362,0.2201255157608147,0.0996223811779214,0.4500000000000008,355.7946428571429,1.0,352.75000000000006,352.1375,353.8583415775876,351.64165842241255,352.75000000000006,1,11,2,12,0.8517672,0.98522980940628,0.6750000000000012,1.5750000000000028
2023-12-28 11:15:00,2023-12-28 15:05:00,1,358.75,360.7,pivot,1.9499999999999889,0.1215835,1.8284164999999888,57595.11974999964,1.0,2023-12-28,358.8,359.0,358.7,0.0,361.1,361.15,360.7,0.0,1.0,2023,87.27272727272671,0.7559444005647151,0.6515117367344591,0.104432663830256,0.403571428571431,359.4553571428572,1.0,357.36,355.82,359.30465529348186,355.41534470651817,357.36,1,11,3,12,0.77751034,0.9386912368677076,0.6053571428571465,1.4125000000000085
2023-12-28 15:05:00,2023-12-28 15:45:00,1,360.7,362.7,eod,2.0,0.121702,1.878298,59166.387,1.0,2023-12-28,361.1,361.15,360.7,0.0,362.7,362.7,362.7,0.0,1.0,2023,86.66666666666603,0.5255097050664403,0.375117326961523,0.1503923781049173,0.3714285714285706,361.4821428571428,1.0,359.64,359.02833333333336,361.2878374983526,357.9921625016474,359.64,1,15,3,12,0.77976924,0.9267623324388032,0.5571428571428559,1.2999999999999972
2024-01-02 12:20:00,2024-01-02 15:45:00,1,360.55,363.8,eod,3.25,0.1217305,3.1282695,98540.48925,1.0,2024-01-02,360.35,360.7,360.25,0.0,363.8,363.8,363.8,0.0,0.0,2024,58.62068965517248,0.2116525685165129,0.2464820153131216,-0.0348294467966087,0.4642857142857183,361.8732142857143,1.0,360.4175,,361.3387548650159,359.4962451349841,360.4175,1,12,1,1,0.83630157,0.8982540237540237,0.6964285714285774,1.625000000000014
2024-02-16 12:20:00,2024-02-16 15:45:00,1,353.85,355.8,eod,1.9499999999999889,0.1212895,1.8287104999999888,57604.38074999964,1.0,2024-02-16,353.95,354.05,353.85,0.0,355.8,355.8,355.8,0.0,1.0,2024,48.6486486486484,0.1534258176349681,0.2110797750246014,-0.0576539573896333,0.2678571428571388,360.2660714285714,1.0,353.975,353.3491666666667,354.5576437026555,353.3923562973445,353.975,1,12,4,2,0.76275533,0.9582972582972582,0.4017857142857082,0.9374999999999858
2024-03-26 09:00:00,2024-03-26 11:25:00,1,375.65,378.9,pivot,3.25,0.1226365,3.1273635,98511.95025,1.0,2024-03-26,376.6,376.7,375.25,0.0,378.8,378.95,378.7,0.0,1.0,2024,79.8387096774195,0.7857031860120856,0.3884409222738929,0.3972622637381926,0.6178571428571493,377.9910714285714,1.0,373.4,372.8066666666667,375.9800856778881,370.8199143221119,373.4,1,9,1,3,0.60839665,0.9483180430680428,0.926785714285724,2.1625000000000227
2024-04-17 14:35:00,2024-04-17 15:20:00,1,357.5,354.65,eod,-2.8500000000000227,0.1213645,-2.971364500000023,-93597.98175000072,1.0,2024-04-17,357.3,357.55,357.2,0.0,354.65,354.75,354.35,0.0,1.0,2024,49.05660377358471,0.1340501025759408,0.1953517791862605,-0.0613016766103196,0.4142857142857232,382.1410714285714,1.0,357.54,357.19666666666666,358.6859769447904,356.39402305520963,357.54,0,14,2,4,0.7152916,0.780237706737707,0.6214285714285848,1.4500000000000313
2024-05-27 10:45:00,2024-05-27 15:45:00,1,368.4,371.75,eod,3.3500000000000227,0.1222045,3.2277955000000227,101675.55825000071,1.0,2024-05-27,368.15,368.55,368.1,0.0,371.75,371.75,371.75,0.0,1.0,2024,54.92957746478808,0.2675672694705895,0.2919256418210877,-0.0243583723504982,0.4571428571428514,364.7267857142857,-1.0,368.0625,367.25166666666667,368.645482350585,367.47951764941496,368.0625,1,10,0,5,0.73299277,0.9542587167734228,0.6857142857142771,1.5999999999999799
2024-06-12 14:15:00,2024-06-12 15:45:00,1,369.1,371.7,eod,2.599999999999966,0.122224,2.477775999999966,78049.94399999893,1.0,2024-06-12,369.0,369.1,368.95,0.0,371.7,371.7,371.7,0.0,1.0,2024,48.48484848484828,0.1327360953962397,0.1811695802587429,-0.0484334848625032,0.2428571428571493,370.0535714285714,1.0,369.1375,368.73083333333335,369.65240929203935,368.6225907079606,369.1375,1,14,2,6,0.81538546,0.8844203296703297,0.3642857142857239,0.8500000000000225
2024-06-28 11:55:00,2024-06-28 15:45:00,1,384.6,386.35,eod,1.75,0.1231285,1.6268715,51246.45225,1.0,2024-06-28,384.6,384.75,384.55,0.0,386.35,386.35,386.35,0.0,1.0,2024,53.191489361702736,0.1341500551188801,0.1958208082300515,-0.0616707531111714,0.3285714285714221,388.23928571428576,1.0,384.815,384.2883333333333,385.4400052633563,384.1899947366437,384.815,1,11,4,6,0.846873,0.9303454878454878,0.4928571428571331,1.1499999999999773
2024-07-23 14:45:00,2024-07-23 15:45:00,1,384.25,383.2,eod,-1.0500000000000114,0.1230235,-1.173023500000011,-36950.24025000036,1.0,2024-07-23,383.65,384.3,383.5,0.0,383.2,383.2,383.2,0.0,1.0,2024,44.44444444444444,0.090609307058969,0.1285909364358199,-0.0379816293768508,0.3392857142857143,398.8982142857143,1.0,384.15,383.9333333333333,384.6377445408072,383.6622554591928,384.15,0,14,1,7,0.6718325,0.8272402597402596,0.5089285714285714,1.1875
2024-07-31 12:30:00,2024-07-31 15:45:00,1,378.25,382.0,eod,3.75,0.1228075,3.6271925,114256.56375,1.0,2024-07-31,378.55,378.55,378.2,0.0,382.0,382.0,382.0,0.0,1.0,2024,75.55555555555824,0.2801930393673615,0.2316756409234142,0.0485173984439472,0.3071428571428579,398.8982142857143,1.0,377.8025,377.3066666666667,379.0149247128479,376.59007528715216,377.8025,1,12,2,7,0.77820337,0.9615515873015872,0.46071428571428685,1.0750000000000026
2024-08-28 09:20:00,2024-08-28 15:45:00,1,364.5,367.45,eod,2.9499999999999886,0.1219585,2.8280414999999888,89083.30724999965,1.0,2024-08-28,363.55,364.6,363.35,0.0,367.45,367.45,367.45,0.0,1.0,2024,32.824427480915915,-0.2415659441438151,-0.0698977028491125,-0.1716682412947026,0.7392857142857078,372.1464285714285,1.0,365.4575,365.4825,366.627419025527,364.2875809744731,365.4575,1,9,2,8,0.68495035,0.9497527750027748,1.1089285714285617,2.5874999999999773
2024-10-07 12:55:00,2024-10-07 15:45:00,1,347.2,349.25,eod,2.050000000000012,0.1208935,1.929106500000012,60766.85475000036,1.0,2024-10-07,347.2,347.25,347.05,0.0,349.25,349.25,349.25,0.0,1.0,2024,62.96296296296335,0.363239025690973,0.4008174241251873,-0.0375783984342142,0.3178571428571461,364.75714285714287,1.0,346.7925,345.50500000000005,347.6941213463588,345.89087865364127,346.7925,1,12,0,10,0.66932744,0.920546176046176,0.47678571428571914,1.1125000000000114
2024-10-23 11:00:00,2024-10-23 15:45:00,1,345.2,347.95,eod,2.75,0.1207945,2.6292055,82819.97325,1.0,2024-10-23,345.5,345.55,345.2,0.0,347.95,347.95,347.95,0.0,1.0,2024,69.87951807228899,0.3940809680958637,0.2756742056516246,0.118406762444239,0.5035714285714376,341.8214285714286,-1.0,344.6,344.14833333333337,345.783660690858,343.4163393091421,344.6,1,11,2,10,0.7776235,0.932397399985635,0.7553571428571564,1.7625000000000315
2024-10-29 12:55:00,2024-10-29 15:45:00,1,347.6,349.55,eod,1.9499999999999889,0.1209145,1.8290854999999888,57616.19324999964,1.0,2024-10-29,347.35,347.7,347.3,0.0,349.55,349.55,349.55,0.0,1.0,2024,33.33333333333333,-0.0128079995370171,0.0718492431165879,-0.0846572426536051,0.3285714285714342,349.40000000000003,1.0,347.89500000000004,347.6925,348.4780049197631,347.3119950802369,347.89500000000004,1,12,1,10,0.66091555,0.9066753246753246,0.49285714285715126,1.1500000000000197
2024-11-18 09:00:00,2024-11-18 13:35:00,1,324.3,327.55,eod,3.25,0.1195555,3.1304445,98609.00175,1.0,2024-11-18,324.75,324.8,323.9,0.0,327.55,327.7,327.4,0.0,1.0,2024,72.51908396946553,0.5535828014051276,0.1776515261639764,0.3759312752411512,0.7821428571428726,311.83392857142854,-1.0,321.96500000000003,321.1683333333333,324.6475164930458,319.28248350695424,321.96500000000003,1,9,0,11,0.8105301,0.9511091208627974,1.1732142857143089,2.737500000000054
2024-12-11 14:10:00,2024-12-11 15:45:00,1,322.85,324.05,eod,1.1999999999999886,0.119407,1.0805929999999886,34038.67949999964,1.0,2024-12-11,322.85,322.95,322.8,0.0,324.05,324.05,324.05,0.0,1.0,2024,53.19148936170289,0.0680526446421367,0.0826864381117009,-0.0146337934695641,0.3035714285714285,311.83392857142854,-1.0,322.85,322.6808333333333,323.16455900402406,322.535440995976,322.85,1,14,2,12,0.726296,0.9839984296749004,0.45535714285714274,1.0624999999999998
2024-12-12 10:50:00,2024-12-12 15:15:00,1,326.35,329.8,eod,3.4499999999999886,0.1196845,3.3303154999999887,104904.93824999964,1.0,2024-12-12,326.1,326.35,325.8,0.0,329.8,329.9,329.4,0.0,1.0,2024,56.14035087719358,0.2787855904127241,0.2984478794237506,-0.0196622890110265,0.5428571428571323,311.83392857142854,-1.0,325.99,324.4825,327.39135272947993,324.5886472705201,325.99,1,10,3,12,0.7460436,0.9694732995762408,0.8142857142856984,1.899999999999963
2025-04-10 11:25:00,2025-04-10 15:45:00,1,322.65,324.55,eod,1.900000000000034,0.119416,1.780584000000034,56088.39600000108,1.0,2025-04-10,322.35,322.7,322.25,0.0,324.55,324.55,324.55,0.0,1.0,2025,73.52941176470716,1.6402116549516563,1.8808951490270829,-0.2406834940754265,0.4714285714285608,302.5642857142857,-1.0,321.1,313.56,322.7505182599065,319.4494817400935,321.1,1,11,3,4,0.8705271,0.8849316157698507,0.7071428571428412,1.6499999999999628
2025-05-08 13:05:00,2025-05-08 15:10:00,1,343.55,342.1,eod,-1.4499999999999886,0.1205695,-1.5705694999999886,-49472.93924999964,1.0,2025-05-08,343.7,343.75,343.5,0.0,342.1,342.45,342.1,0.0,1.0,2025,75.0,0.2920910602325648,0.2754871725179462,0.0166038877146186,0.2392857142857199,335.1553571428572,-1.0,343.16,342.54833333333335,343.91155978137505,342.4084402186249,343.16,0,13,3,5,0.61006665,0.7355102022160844,0.35892857142857987,0.8375000000000197
2025-05-28 09:00:00,2025-05-28 14:00:00,1,352.55,356.6,eod,4.050000000000011,0.1212745,3.928725500000011,123754.85325000036,1.0,2025-05-28,353.55,353.85,352.15,0.0,356.6,356.85,356.5,0.0,1.0,2025,95.3125000000007,0.6133074208358948,0.3926301341324296,0.2206772867034652,0.4642857142857143,353.69642857142856,1.0,351.34000000000003,350.71000000000004,353.0594246282474,349.62057537175264,351.34000000000003,1,9,2,5,0.7694155,0.9677507631257632,0.6964285714285714,1.625
2025-06-12 13:00:00,2025-06-12 14:50:00,1,392.35,390.0,eod,-2.3500000000000227,0.1234705,-2.4734705000000226,-77914.32075000071,1.0,2025-06-12,392.45,392.65,392.1,0.0,390.0,390.35,389.9,0.0,1.0,2025,66.19718309859144,0.4045797938370583,0.4154106767423288,-0.0108308829052704,0.4785714285714358,393.7,1.0,392.06000000000006,391.1841666666666,393.4507968177866,390.6692031822135,392.06000000000006,0,13,3,6,0.628233,0.7720340802987861,0.7178571428571537,1.6750000000000254
2025-06-16 10:00:00,2025-06-16 15:45:00,1,387.8,394.2,eod,6.399999999999977,0.12346,6.276539999999978,197711.00999999928,1.0,2025-06-16,388.4,388.5,387.6,0.0,394.2,394.2,394.2,0.0,1.0,2025,36.04651162790691,0.0085693782690441,0.1401339093774202,-0.131564531108376,1.1142857142857037,394.7892857142857,1.0,388.5,387.6125,390.8543911938489,386.1456088061511,388.5,1,10,0,6,0.91794354,0.9502431457431456,1.6714285714285555,3.899999999999963
2025-07-15 14:15:00,2025-07-15 15:45:00,1,433.25,435.35,eod,2.1000000000000227,0.126058,1.9739420000000227,62179.17300000072,1.0,2025-07-15,433.3,433.5,433.15,0.0,435.35,435.35,435.35,0.0,1.0,2025,64.40677966101711,0.2638018960307704,0.1415839733133694,0.122217922717401,0.4500000000000008,418.8928571428572,-1.0,432.3974999999999,432.1025,433.2857122780176,431.5092877219822,432.3974999999999,1,14,1,7,0.6294324,0.9858095238095236,0.6750000000000012,1.5750000000000028
2025-07-29 09:35:00,2025-07-29 15:45:00,1,429.95,436.2,eod,6.25,0.1259845,6.1240155,192906.48825,1.0,2025-07-29,430.7,430.95,429.95,0.0,436.2,436.2,436.2,0.0,1.0,2025,36.59793814432984,-0.6582901042889944,-0.5431841637517447,-0.1151059405372496,1.2142857142857224,426.7821428571428,-1.0,431.4200000000001,431.52166666666665,435.0039407887351,427.836059211265,431.4200000000001,1,9,1,7,0.7608373,0.9797459207459208,1.8214285714285836,4.250000000000028
2025-07-30 09:15:00,2025-07-30 12:00:00,1,436.85,441.1,pivot,4.25,0.1263385,4.1236615,129895.33725,1.0,2025-07-30,437.2,437.4,436.2,0.0,441.1,441.3,440.95,0.0,1.0,2025,57.77777777777755,0.491262750308806,0.3269924465237807,0.1642703037850253,1.007142857142851,440.2946428571429,1.0,436.3850000000001,435.8708333333333,438.56338665510486,434.2066133448952,436.3850000000001,1,9,2,7,0.79092014,0.9528616663264496,1.5107142857142764,3.524999999999978
2025-08-06 12:30:00,2025-08-06 15:45:00,1,429.5,431.3,eod,1.8000000000000114,0.125824,1.6741760000000114,52736.54400000036,1.0,2025-08-06,429.45,429.55,429.3,0.0,431.3,431.3,431.3,0.0,1.0,2025,38.33333333333375,-0.0453046911217143,0.0542987184809663,-0.0996034096026806,0.3821428571428588,444.1785714285714,1.0,430.045,429.9433333333333,430.7609094314415,429.3290905685584,430.045,1,12,2,8,0.90066093,0.9554498556998556,0.5732142857142881,1.3375000000000057
2025-09-09 09:45:00,2025-09-09 15:45:00,1,436.4,441.1,eod,4.7000000000000455,0.126325,4.573675000000046,144070.76250000144,1.0,2025-09-09,436.65,437.0,436.35,0.0,441.1,441.1,441.1,0.0,1.0,2025,66.66666666666629,0.5596992054173029,0.5281538071194123,0.0315453982978906,0.7178571428571436,437.75178571428575,1.0,435.675,434.29583333333335,436.85040586412094,434.4995941358791,435.675,1,9,1,9,0.9063961,0.9672437154348918,1.0767857142857156,2.512500000000003
2025-09-16 09:40:00,2025-09-16 15:45:00,1,468.85,473.9,eod,5.0499999999999545,0.1282825,4.921717499999954,155034.10124999855,1.0,2025-09-16,469.5,469.5,468.75,0.0,473.9,473.9,473.9,0.0,1.0,2025,70.62937062937078,0.6892840952805273,0.5230729345307711,0.1662111607497561,1.0178571428571428,471.2375,1.0,467.845,467.48,470.7497873365433,464.9402126634567,467.845,1,9,1,9,0.87377936,0.9590886841916252,1.5267857142857142,3.5625
2025-09-18 09:40:00,2025-09-18 15:45:00,1,471.25,475.95,eod,4.699999999999989,0.128416,4.571583999999989,144004.89599999966,1.0,2025-09-18,470.8,471.3,470.75,0.0,475.95,475.95,475.95,0.0,1.0,2025,64.16184971098254,0.6273262944445719,0.5281359680926639,0.0991903263519079,1.1250000000000122,475.30178571428576,1.0,469.9625,469.46583333333336,473.16675292991744,466.7582470700825,469.9625,1,9,3,9,0.85687584,0.9832769593667428,1.6875000000000182,3.9375000000000426
2025-09-23 09:25:00,2025-09-23 11:35:00,1,483.35,481.45,pivot,-1.900000000000034,0.128944,-2.0289440000000343,-63911.73600000108,1.0,2025-09-23,482.75,483.5,482.5,0.0,481.55,481.65,481.4,0.0,1.0,2025,67.15686274509815,0.9707511921125728,0.686173793562664,0.2845773985499089,1.3249999999999968,485.0517857142857,1.0,480.7125,480.13666666666666,484.4816092060205,476.94339079397946,480.7125,0,9,1,9,0.6083868,0.8108088730472798,1.9874999999999954,4.637499999999989
2025-10-15 10:30:00,2025-10-15 15:45:00,1,504.75,511.5,eod,6.75,0.1304875,6.6195125,208514.64375,1.0,2025-10-15,505.0,505.25,504.4,0.0,511.5,511.5,511.5,0.0,1.0,2025,71.32352941176468,1.393902317837501,1.3448724079844936,0.0490299098530073,1.1285714285714334,514.5999999999999,1.0,503.34,499.9641666666667,506.0737269713076,500.6062730286925,503.34,1,10,2,10,0.7628315,0.899374245852187,1.6928571428571502,3.950000000000017
2025-10-16 09:15:00,2025-10-16 11:30:00,1,516.2,522.5,pivot,6.2999999999999545,0.131161,6.168838999999955,194318.42849999847,1.0,2025-10-16,517.05,517.8,516.05,0.0,522.3,522.9,522.15,0.0,1.0,2025,77.22772277227735,1.6822935266869763,1.1730357911653368,0.5092577355216394,1.3785714285714252,519.1767857142858,1.0,512.595,509.7458333333333,517.0642987788312,508.12570122116887,512.595,1,9,3,10,0.81450623,0.8934019314019312,2.0678571428571377,4.824999999999989
2025-10-17 09:40:00,2025-10-17 12:35:00,1,523.35,529.15,pivot,5.7999999999999545,0.131575,5.668424999999955,178555.3874999986,1.0,2025-10-17,523.55,523.85,522.6,0.0,527.75,529.3,526.65,0.0,1.0,2025,45.31249999999949,0.0408902615690749,0.0395940207682333,0.0012962408008416,1.421428571428578,525.9464285714286,1.0,523.5475,523.2925,525.2465632079812,521.8484367920188,523.5475,1,9,4,10,0.6990778,0.974659867909868,2.132142857142867,4.975000000000023
2025-10-20 10:25:00,2025-10-20 14:15:00,1,529.05,534.65,pivot,5.600000000000023,0.131911,5.468089000000023,172244.80350000074,1.0,2025-10-20,530.25,530.3,528.85,0.0,534.75,535.05,534.55,0.0,1.0,2025,78.86597938144362,0.719201250378319,0.3471916974234764,0.3720095529548425,1.4821428571428572,534.6410714285714,1.0,527.5899999999999,527.2158333333333,532.7770892350096,522.4029107649902,527.5899999999999,1,10,0,10,0.82931274,0.9200380175380174,2.2232142857142856,5.1875
2025-10-22 13:15:00,2025-10-22 15:45:00,1,538.8,543.35,eod,4.550000000000068,0.1324645,4.417535500000068,139152.36825000215,1.0,2025-10-22,539.15,539.3,538.75,0.0,543.35,543.35,543.35,0.0,1.0,2025,72.0,0.7501528433629119,0.4310939994895107,0.3190588438734011,0.8285714285714302,550.4910714285713,1.0,536.6925,535.3533333333332,539.177460021931,534.207539978069,536.6925,1,13,2,10,0.8135029,0.968827191814034,1.2428571428571453,2.9000000000000057
2025-11-26 09:30:00,2025-11-26 15:45:00,1,549.55,559.75,eod,10.200000000000044,0.133279,10.066721000000046,317101.71150000143,1.0,2025-11-26,549.3,550.2,548.65,0.0,559.75,559.75,559.75,0.0,1.0,2025,66.55052264808347,1.1074240214209112,0.8716449794128999,0.2357790420080113,1.8571428571428568,535.05,-1.0,547.2075,546.0291666666667,551.4545144305761,542.9604855694239,547.2075,1,9,2,11,0.7339839,0.7395954070327303,2.785714285714285,6.499999999999998
2025-12-05 09:15:00,2025-12-05 13:00:00,1,568.15,576.75,pivot,8.600000000000023,0.134347,8.465653000000023,266668.06950000074,1.0,2025-12-05,566.75,568.55,566.65,0.0,577.1,577.3,576.6,0.0,1.0,2025,41.59999999999998,0.1340625519457035,0.3772488579860735,-0.24318630604037,1.5035714285714252,546.3464285714285,-1.0,568.385,566.7266666666667,571.1693736883443,565.6006263116557,568.385,1,9,4,12,0.74348927,0.9845584415584416,2.2553571428571377,5.262499999999989
2025-12-05 13:00:00,2025-12-05 15:45:00,1,576.75,580.4,eod,3.649999999999977,0.1347145,3.5152854999999774,110731.49324999929,1.0,2025-12-05,577.1,577.3,576.6,0.0,580.4,580.4,580.4,0.0,1.0,2025,78.48101265822916,0.903953883203144,0.8619444686786195,0.0420094145245244,0.6214285714285828,546.3464285714285,-1.0,575.4799999999999,572.6991666666668,577.1239362244082,573.8360637755916,575.4799999999999,1,13,4,12,0.79224616,0.9504459298871064,0.9321428571428741,2.17500000000004
2025-12-08 11:50:00,2025-12-08 15:45:00,1,583.25,588.7,eod,5.4500000000000455,0.1351585,5.314841500000045,167417.50725000142,1.0,2025-12-08,582.85,583.25,582.75,0.0,588.7,588.7,588.7,0.0,1.0,2025,60.0,0.6462152034816881,0.4419776409311898,0.2042375625504983,0.8357142857142971,546.3464285714285,-1.0,581.365,580.2858333333334,583.3666046179585,579.3633953820415,581.365,1,11,0,12,0.6538698,0.9334917027417028,1.2535714285714457,2.92500000000004
2025-12-17 14:45:00,2025-12-17 15:45:00,1,570.0,573.7,eod,3.7000000000000455,0.134311,3.5656890000000456,112319.20350000144,1.0,2025-12-17,570.45,570.6,569.75,0.0,573.7,573.7,573.7,0.0,1.0,2025,68.66666666666684,0.2644280589236132,-0.0449952091524624,0.3094232680760757,0.9678571428571476,561.1767857142858,-1.0,568.04,567.69,570.7333837052619,565.346616294738,568.04,1,14,2,12,0.8092594,0.9609759823509824,1.4517857142857213,3.3875000000000166
2026-01-02 12:10:00,2026-01-02 15:45:00,1,619.1,625.65,eod,6.5499999999999545,0.1373425,6.412657499999955,201998.71124999857,1.0,2026-01-02,619.75,619.85,619.0,0.0,625.65,625.65,625.65,0.0,0.0,2026,67.0886075949368,2.2020649658546745,2.173235410049452,0.0288295558052227,0.9714285714285812,620.8821428571429,1.0,616.6175000000001,,619.74265683817,613.4923431618301,616.6175000000001,1,12,4,1,0.91990405,0.921388698719581,1.4571428571428717,3.400000000000034
2026-01-05 10:15:00,2026-01-05 15:45:00,1,639.45,649.2,eod,9.75,0.1386595,9.6113405,302757.22575000004,1.0,2026-01-05,639.6,640.3,638.8,0.0,649.2,649.2,649.2,0.0,1.0,2026,42.3487544483987,2.9709054008429803,3.7352204904940094,-0.7643150896510291,2.392857142857151,648.0196428571429,1.0,639.8675,628.1991666666667,647.6444751256681,632.0905248743318,639.8675,1,10,0,1,0.8148939,0.8755574699526107,3.589285714285726,8.375000000000028
2026-01-06 12:10:00,2026-01-06 13:40:00,1,650.1,654.95,pivot,4.850000000000023,0.1391515,4.710848500000023,148391.72775000072,1.0,2026-01-06,649.9,650.35,649.65,0.0,656.55,656.7,654.1,0.0,1.0,2026,64.81481481481505,1.2179158777247494,0.8429136090020521,0.3750022687226972,1.0607142857143117,651.8482142857142,1.0,647.3675000000001,646.2158333333333,650.4382919431089,644.2967080568912,647.3675000000001,1,12,1,1,0.8794547,0.9277229437229436,1.5910714285714675,3.712500000000091
2026-01-06 13:40:00,2026-01-06 15:15:00,1,654.95,659.8,pivot,4.849999999999909,0.1394425,4.710557499999909,148382.56124999712,1.0,2026-01-06,656.55,656.7,654.1,0.0,659.5,659.9,658.95,0.0,1.0,2026,88.15165876777246,1.8696495102184367,1.259044109724521,0.6106054004939161,1.303571428571453,657.3553571428573,1.0,650.365,646.7983333333334,655.0765870608036,645.6534129391964,650.365,1,13,1,1,0.8449031,0.932453812527342,1.9553571428571797,4.562500000000085
2026-01-07 11:15:00,2026-01-07 13:15:00,1,669.75,657.5,eod,-12.25,0.1398175,-12.3898175,-390279.25125,1.0,2026-01-07,670.45,670.65,669.55,0.0,657.5,659.4,657.45,0.0,1.0,2026,60.19417475728167,1.2058399366812864,1.1746734395397254,0.031166497141561,1.9357142857142955,677.7571428571428,1.0,667.595,663.0641666666667,670.6676124663352,664.5223875336649,667.595,0,11,2,1,0.70421416,0.8963988603415846,2.903571428571443,6.775000000000034
2026-01-15 11:30:00,2026-01-15 14:10:00,1,687.8,693.7,pivot,5.900000000000091,0.141445,5.758555000000091,181394.4825000029,1.0,2026-01-15,687.8,688.3,687.55,0.0,694.1,694.25,693.25,0.0,1.0,2026,40.314136125654166,0.2404374614586686,0.4589555265637999,-0.2185180651051312,1.4857142857142824,693.9642857142857,1.0,688.785,686.4825,691.529966685562,686.0400333144379,688.785,1,11,3,1,0.641304,0.9618185703185702,2.2285714285714238,5.199999999999989
2026-01-15 14:10:00,2026-01-15 15:45:00,1,693.7,698.0,eod,4.2999999999999545,0.141751,4.158248999999954,130984.84349999856,1.0,2026-01-15,694.1,694.25,693.25,0.0,698.0,698.0,698.0,0.0,1.0,2026,82.24852071006013,1.1927347635734122,0.7771956931096937,0.4155390704637185,0.942857142857138,695.1642857142857,1.0,690.2,689.14,693.8788155988152,686.5211844011849,690.2,1,14,3,1,0.8872913,0.9344116628985052,1.414285714285707,3.299999999999983
2026-01-27 11:20:00,2026-01-27 15:45:00,1,734.05,744.2,eod,10.150000000000093,0.1443475,10.00565250000009,315178.0537500029,1.0,2026-01-27,735.55,735.65,733.9,0.0,744.2,744.2,744.2,0.0,1.0,2026,89.05472636815892,2.983429142777254,2.8106345122724443,0.1727946305048098,1.2357142857142986,710.5392857142856,-1.0,731.0125,724.22,736.1893589337348,725.8356410662653,731.0125,1,11,1,1,0.83720505,0.9412694968430262,1.853571428571448,4.3250000000000455
2026-02-03 11:35:00,2026-02-03 15:25:00,1,762.15,779.85,pivot,17.700000000000045,0.14626,17.553740000000044,552942.8100000013,1.0,2026-02-03,760.6,762.5,760.2,0.0,780.4,780.4,779.65,0.0,1.0,2026,31.782945736434343,2.460006284675842,3.532739653392687,-1.072733368716845,2.1535714285714107,787.6,1.0,762.4649999999999,747.5200000000001,766.1673605554079,758.762639444592,762.4649999999999,1,11,1,2,0.65957,0.8693502918649978,3.230357142857116,7.5374999999999375
2026-02-20 10:05:00,2026-02-20 15:45:00,1,848.75,859.6,eod,10.850000000000025,0.1512505,10.698749500000025,337010.60925000074,1.0,2026-02-20,849.2,850.0,848.45,0.0,859.6,859.6,859.6,0.0,1.0,2026,65.53398058252439,2.226295655190711,1.9182686814502568,0.3080269737404542,2.478571428571408,852.9428571428572,1.0,844.7225000000001,840.2608333333334,850.6558557555903,838.7891442444098,844.7225000000001,1,10,4,2,0.71742755,0.8851062719959778,3.7178571428571123,8.67499999999993
2026-02-24 10:30:00,2026-02-24 15:45:00,1,874.5,887.2,eod,12.700000000000044,0.152851,12.547149000000044,395235.1935000015,1.0,2026-02-24,876.0,876.2,873.7,0.0,887.2,887.2,887.2,0.0,1.0,2026,80.49209138840058,2.704038245916081,1.2278267564528549,1.476211489463226,3.1214285714285745,882.4071428571428,1.0,865.5024999999999,864.2766666666666,876.6988563150032,854.3061436849966,865.5024999999999,1,10,1,2,0.731419,0.9344834471084468,4.682142857142862,10.925000000000011
2026-02-26 10:25:00,2026-02-26 14:50:00,1,921.9,940.6,pivot,18.700000000000045,0.155875,18.544125000000044,584139.9375000014,1.0,2026-02-26,918.2,922.55,918.1,0.0,938.25,940.9,938.1,0.0,1.0,2026,42.1465968586387,3.264226421643229,4.220057338700221,-0.955830917056992,4.299999999999987,935.6910714285716,1.0,922.315,912.4433333333334,932.7037135110928,911.926286488907,922.315,1,10,3,2,0.909101,0.9458296703296702,6.4499999999999815,15.049999999999956
2026-02-27 10:05:00,2026-02-27 14:30:00,1,924.75,949.55,pivot,24.799999999999955,0.156229,24.643770999999955,776278.7864999985,1.0,2026-02-27,921.8,927.65,921.65,0.0,951.85,951.9,949.5,0.0,1.0,2026,45.87570621468917,-2.877154541720529,-1.4330304467335455,-1.4441240949869831,5.674999999999995,950.3,1.0,933.54,933.3783333333332,948.4476666957006,918.6323333042992,933.54,1,10,4,2,0.9517258,0.9384792429792428,8.512499999999992,19.862499999999983
2026-03-06 13:30:00,2026-03-06 15:45:00,1,815.75,827.65,eod,11.899999999999975,0.149302,11.750697999999977,370146.98699999927,1.0,2026-03-06,819.0,819.35,815.4,0.0,827.65,827.65,827.65,0.0,1.0,2026,59.2190889370932,0.4773546360838736,0.5642618692378308,-0.0869072331539572,3.182142857142854,791.6642857142857,-1.0,818.1274999999999,816.8283333333334,823.4308728092744,812.8241271907254,818.1274999999999,1,13,4,3,0.735606,0.9377738527812056,4.773214285714281,11.137499999999989
2026-03-18 11:50:00,2026-03-18 15:45:00,1,878.55,890.7,eod,12.150000000000093,0.1530775,11.99692250000009,377903.0587500029,1.0,2026-03-18,876.45,878.8,876.2,0.0,890.7,890.7,890.7,0.0,1.0,2026,43.589743589743655,2.110271987309829,2.677381262339825,-0.5671092750299955,1.8607142857142744,790.9892857142856,-1.0,876.4,864.8866666666668,878.7443100200446,874.0556899799553,876.4,1,11,2,3,0.6723877,0.8818150476974005,2.7910714285714118,6.51249999999996
2026-04-01 10:45:00,2026-04-01 15:45:00,1,798.8,812.05,eod,13.25,0.1483255,13.1016745,412702.74675,1.0,2026-04-01,799.6,800.1,797.9,0.0,812.05,812.05,812.05,0.0,1.0,2026,66.66666666666666,7.260164300956944,7.727943240417454,-0.4677789394605094,2.7500000000000164,740.9446428571429,-1.0,793.26,769.5616666666666,802.0938821409258,784.4261178590742,793.26,1,10,2,4,0.84557825,0.7602026045849574,4.125000000000025,9.625000000000057
2026-04-02 10:00:00,2026-04-02 10:30:00,1,830.0,800.1,pivot,-29.899999999999977,0.148903,-30.04890299999997,-946540.4444999992,1.0,2026-04-02,819.85,830.55,818.5,0.0,795.55,800.4,789.5,0.0,1.0,2026,35.425383542538455,1.6354464701865936,2.079833821259091,-0.4443873510724976,5.103571428571391,740.9446428571429,-1.0,823.5575000000001,816.5975,833.0979002451836,814.0170997548166,823.5575000000001,0,10,3,4,0.7166777,0.7229314019314016,7.655357142857087,17.86249999999987
2026-04-08 12:25:00,2026-04-08 15:10:00,1,881.95,888.8,pivot,6.849999999999909,0.1531225,6.696877499999909,210951.6412499972,1.0,2026-04-08,881.4,882.05,880.75,0.0,888.65,889.5,887.85,0.0,1.0,2026,58.558558558558616,2.9105858053209204,3.49499074371803,-0.5844049383971095,1.614285714285716,892.0660714285715,1.0,879.76,864.0216666666668,883.1955111467394,876.3244888532606,879.76,1,12,2,4,0.7686549,0.9152576883900412,2.4214285714285744,5.650000000000007
2026-04-17 08:45:00,2026-04-17 09:55:00,1,945.8,939.85,pivot,-5.949999999999932,0.1565695,-6.106569499999932,-192356.93924999784,1.0,2026-04-17,943.05,946.35,942.9,0.0,938.2,940.7,938.1,0.0,1.0,2026,59.523809523809526,1.2480287874270743,0.9267882997760616,0.3212404876510127,1.8571428571428568,947.4107142857144,1.0,940.4575,939.5416666666666,944.2810110619124,936.6339889380878,940.4575,0,8,4,4,0.6139202,0.7440303897598787,2.785714285714285,6.499999999999998
2026-05-08 08:55:00,2026-05-08 15:45:00,1,1128.4,1153.25,eod,24.84999999999991,0.1684495,24.681550499999908,777468.8407499971,1.0,2026-05-08,1123.4,1128.65,1122.75,0.0,1153.25,1153.25,1153.25,0.0,1.0,2026,20.293847566575067,-1.5133178589014733,2.170295531665232,-3.6836133905667054,5.439285714285753,962.3392857142856,-1.0,1148.41,1139.3,1167.6944251310374,1129.1255748689628,1148.41,1,8,4,5,0.75038123,0.9542624991967096,8.15892857142863,19.037500000000136
2026-05-14 12:20:00,2026-05-14 15:45:00,1,1228.75,1245.5,eod,16.75,0.1742275,16.5757725,522136.83375,1.0,2026-05-14,1230.25,1232.7,1228.65,0.0,1245.5,1245.5,1245.5,0.0,1.0,2026,43.471337579618,-1.435878251444592,-1.0517272960596384,-0.3841509553849536,4.432142857142854,962.3392857142856,-1.0,1232.3725,1231.0275,1240.0888855053718,1224.656114494628,1232.3725,1,12,3,5,0.8617349,0.9598415195915196,6.648214285714282,15.51249999999999
2026-05-21 09:00:00,2026-05-21 11:40:00,1,1171.55,1214.3,pivot,42.75,0.1715755,42.5784245,1341220.37175,1.0,2026-05-21,1179.8,1181.8,1170.3,0.0,1213.2,1214.75,1212.45,0.0,1.0,2026,88.56209150326798,13.48549105379584,7.421780031446767,6.063711022349073,7.464285714285746,962.3392857142856,-1.0,1132.66,1121.5533333333333,1176.03334374211,1089.2866562578902,1132.66,1,9,3,5,0.61348224,0.9589415168165168,11.19642857142862,26.125000000000114
2026-06-01 09:15:00,2026-06-01 13:20:00,1,1367.8,1416.65,pivot,48.850000000000136,0.1835335,48.66646650000013,1532993.6947500042,1.0,2026-06-01,1361.8,1368.8,1358.0,0.0,1415.6,1417.1,1415.25,0.0,1.0,2026,69.83783783783774,5.304905644336486,3.405895355067189,1.899010289269297,6.157142857142893,1374.8767857142857,1.0,1349.19,1341.9266666666667,1366.4358873818048,1331.9441126181953,1349.19,1,9,0,6,0.76213527,0.9361937645687646,9.235714285714339,21.550000000000125
2026-06-17 13:00:00,2026-06-17 15:45:00,1,1404.7,1428.85,eod,24.149999999999864,0.1850065,23.964993499999864,754897.2952499957,1.0,2026-06-17,1406.4,1406.45,1404.1,0.0,1428.85,1428.85,1428.85,0.0,1.0,2026,58.46153846153851,1.1298796266273712,0.9000716798611376,0.2298079467662336,3.0892857142857304,1160.5928571428572,-1.0,1402.86,1397.9033333333332,1408.3538817650108,1397.3661182349897,1402.86,1,13,2,6,0.82002056,0.9216412615162614,4.633928571428596,10.812500000000057
2026-06-18 09:00:00,2026-06-18 09:35:00,1,1428.9,1445.3,pivot,16.399999999999864,0.186226,16.213773999999862,510733.8809999957,1.0,2026-06-18,1441.95,1444.1,1426.65,0.0,1449.85,1450.2,1441.8,0.0,1.0,2026,80.95238095238095,4.278473855154061,4.01044379133489,0.2680300638191717,4.610714285714233,1160.5928571428572,-1.0,1428.2375,1414.9225,1435.9037538030805,1420.5712461969194,1428.2375,1,9,3,6,0.79318494,0.9417824814074816,6.91607142857135,16.137499999999818
2026-06-18 11:20:00,2026-06-18 14:25:00,1,1444.45,1461.65,pivot,17.200000000000045,0.187183,17.012817000000044,535903.7355000013,1.0,2026-06-18,1445.4,1446.2,1444.05,0.0,1463.05,1463.1,1459.5,0.0,1.0,2026,49.654218533886585,2.013057777276117,2.143231506429931,-0.1301737291538138,4.750000000000016,1160.5928571428572,-1.0,1441.94,1432.690833333333,1450.3601887717336,1433.5198112282665,1441.94,1,11,3,6,0.65412545,0.9389000305250303,7.125000000000024,16.625000000000057
