entry_time,exit_time,direction,entry_px,exit_px,exit_reason,gross_pts,cost_pts,net_pts,net_krw,size_factor,exit_date,entry_close,entry_high,entry_low,entry_volume,exit_close,exit_high,exit_low,exit_volume,regime,year,entry_rsi,entry_macd,entry_macd_signal,entry_macd_hist,entry_atr,entry_supertrend,entry_supertrend_dir,entry_ma20,entry_ma60,entry_bb_upper,entry_bb_lower,entry_bb_middle,is_win,entry_hour,entry_dayofweek,entry_month,win_probability,entry_quality_score,net_krw_optimal
2019-06-03 11:10:00,2019-06-03 15:45:00,1,266.0,268.25,eod,2.25,0.1160275,2.1339725,67220.13375000001,1.0,2019-06-03,265.95,266.05,265.95,0.0,268.25,268.25,268.25,0.0,0.0,2019,50.76923076923093,0.4637055092577498,0.5260816258533926,-0.0623761165956427,0.3250000000000049,267.1625,1.0,265.8525,,266.63283393661413,265.0721660633859,265.8525,1,11,0,6,0.7172199,0.8928306138306137,67220.13375000001
2019-06-10 10:15:00,2019-06-10 15:45:00,1,269.15,272.1,eod,2.950000000000045,0.1162375,2.833762500000045,89263.51875000143,1.0,2019-06-10,269.1,269.25,269.0,0.0,272.1,272.1,272.1,0.0,1.0,2019,25.423728813560373,0.2360622811842745,0.3368464766102403,-0.1007841954259658,0.3214285714285795,265.8339285714286,-1.0,269.475,268.9766666666667,271.2654718578321,267.68452814216795,269.475,1,10,0,6,0.8144968,0.9280999972249973,89263.51875000141
2020-02-04 10:10:00,2020-02-04 12:45:00,1,287.85,290.25,pivot,2.3999999999999773,0.117343,2.2826569999999773,71903.69549999929,1.0,2020-02-04,288.55,288.6,287.55,0.0,290.4,290.45,290.15,0.0,1.0,2020,66.38655462184836,0.7033138807473165,0.6150312065014968,0.0882826742458197,0.8035714285714326,308.29821428571427,1.0,286.8275,285.48999999999995,288.9086117979914,284.7463882020086,286.8275,1,10,1,2,0.6484083,0.9577416842416844,71903.69549999929
2020-03-20 12:15:00,2020-03-20 13:30:00,1,205.95,208.2,pivot,2.25,0.1124245,2.1375755,67333.62825000001,1.0,2020-03-20,206.15,206.85,205.75,0.0,208.45,208.65,207.75,0.0,1.0,2020,52.07100591715973,0.7177430412899639,1.00900778959853,-0.2912647483085659,1.25,308.29821428571427,1.0,206.115,202.60166666666663,208.6277255066336,203.6022744933664,206.115,1,12,4,3,0.7777631,0.8723237873237873,67333.62825000001
2020-03-20 14:40:00,2020-03-20 15:45:00,1,208.25,215.55,eod,7.300000000000011,0.112714,7.187286000000011,226399.5090000004,1.0,2020-03-20,208.1,208.55,207.9,0.0,215.55,215.55,215.55,0.0,1.0,2020,47.5524475524476,0.4572563225389956,0.550429297555575,-0.0931729750165794,0.9607142857142932,308.29821428571427,1.0,207.98,206.1475,209.8248791140385,206.1351208859615,207.98,1,14,4,3,0.7376768,0.926615218115218,226399.50900000034
2020-03-24 10:00:00,2020-03-24 13:35:00,1,208.1,212.5,pivot,4.400000000000006,0.112618,4.287382000000005,135052.53300000017,1.0,2020-03-24,209.95,210.15,207.75,0.0,213.2,213.2,212.4,0.0,1.0,2020,78.83008356545966,1.802236123889997,1.2612379529362991,0.5409981709536984,1.921428571428572,308.29821428571427,1.0,204.5,203.3716666666667,211.46298484076328,197.53701515923672,204.5,1,10,1,3,0.87954634,0.8110122540857833,135052.53300000017
2020-03-24 13:35:00,2020-03-24 15:20:00,1,212.5,218.4,pivot,5.900000000000006,0.112927,5.787073000000006,182292.79950000017,1.0,2020-03-24,213.2,213.2,212.4,0.0,219.7,219.75,218.0,0.0,1.0,2020,45.962732919254606,0.0454824452762068,0.0901775414968014,-0.0446950962205946,1.06785714285714,308.29821428571427,1.0,212.8375,210.84333333333333,215.05415347534063,210.62084652465936,212.8375,1,13,1,3,0.80716705,0.95401998001998,182292.79950000017
2020-03-25 13:55:00,2020-03-25 15:15:00,1,225.35,231.2,pivot,5.849999999999994,0.1136965,5.736303499999995,180693.56024999983,1.0,2020-03-25,227.35,228.25,225.3,0.0,230.6,231.7,230.5,0.0,1.0,2020,46.49999999999991,-0.3754020919093079,-0.1254598078665083,-0.2499422840427996,1.1607142857142858,308.29821428571427,1.0,227.0875,226.8308333333333,229.7774178227681,224.3975821772319,227.0875,1,13,2,3,0.85301375,0.9218742646242646,180693.56024999983
2020-04-01 09:05:00,2020-04-01 11:00:00,1,233.4,235.9,pivot,2.5,0.114079,2.385921,75156.51150000001,1.0,2020-04-01,234.3,234.35,233.2,0.0,235.3,235.95,235.0,0.0,1.0,2020,50.0,0.2293182845093326,0.3070408166305132,-0.0777225321211805,0.9000000000000016,308.29821428571427,1.0,234.7025,234.47916666666663,236.60387761657145,232.8011223834285,234.7025,1,9,2,4,0.7612211,0.9679702658452656,75156.51150000001
2020-04-02 14:35:00,2020-04-02 15:45:00,1,228.55,231.65,eod,3.0999999999999943,0.113806,2.9861939999999945,94065.11099999984,1.0,2020-04-02,228.45,229.0,228.2,0.0,231.65,231.65,231.65,0.0,1.0,2020,56.96969696969674,0.0615909901681277,0.0537532871345356,0.0078377030335921,0.9678571428571416,308.29821428571427,1.0,227.795,226.885,229.1016228057195,226.48837719428047,227.795,1,14,3,4,0.7834723,0.9740061327561328,94065.11099999983
2020-04-06 12:45:00,2020-04-06 14:40:00,1,236.9,239.15,pivot,2.25,0.1142815,2.1357185,67275.13274999999,1.0,2020-04-06,236.85,237.0,236.75,0.0,239.65,239.8,239.1,0.0,1.0,2020,67.16417910447772,0.4223288720868936,0.422432393435772,-0.0001035213488784,0.44285714285714,308.29821428571427,1.0,236.43,235.01083333333327,237.46027844922224,235.3997215507777,236.43,1,12,0,4,0.72936964,0.8664541014541013,67275.13274999999
2020-04-10 11:55:00,2020-04-10 15:45:00,1,244.1,247.1,eod,3.0,0.114736,2.885264,90885.816,1.0,2020-04-10,244.2,244.3,244.0,0.0,247.1,247.1,247.1,0.0,1.0,2020,38.09523809523806,-0.2017856469618095,-0.1410861508215985,-0.060699496140211,0.5500000000000013,308.29821428571427,1.0,244.635,244.45916666666665,246.05815439076449,243.2118456092355,244.635,1,11,4,4,0.88262767,0.9744119769119768,90885.81599999999
2020-04-22 13:00:00,2020-04-22 14:50:00,1,245.95,248.85,pivot,2.9000000000000057,0.114844,2.785156000000005,87732.41400000018,1.0,2020-04-22,246.25,246.3,245.75,0.0,249.65,249.65,248.8,0.0,1.0,2020,58.46153846153879,0.2396663351822781,0.2533990191175981,-0.01373268393532,0.4571428571428576,308.29821428571427,1.0,245.975,245.6408333333333,246.75737156267428,245.1926284373257,245.975,1,13,2,4,0.7990931,0.9584335386835388,87732.41400000016
2020-04-27 10:30:00,2020-04-27 15:45:00,1,251.9,254.55,eod,2.6500000000000057,0.1151935,2.534806500000005,79846.40475000018,1.0,2020-04-27,252.25,252.45,251.8,0.0,254.55,254.55,254.55,0.0,1.0,2020,70.27027027027033,0.5350315740178644,0.4215693156250693,0.113462258392795,0.5464285714285718,308.29821428571427,1.0,250.96750000000003,250.27333333333337,252.52728237317905,249.40771762682104,250.96750000000003,1,10,0,4,0.8777006,0.9535036491286492,79846.40475000016
2020-05-06 10:45:00,2020-05-06 15:45:00,1,252.05,255.2,eod,3.1499999999999773,0.1152175,3.0347824999999773,95595.64874999928,1.0,2020-05-06,251.9,252.35,251.9,0.0,255.2,255.2,255.2,0.0,1.0,2020,42.49999999999991,0.1758829613793864,0.1098845388992878,0.0659984224800986,0.5571428571428539,308.29821428571427,1.0,251.695,251.43,252.9788675120636,250.41113248793644,251.695,1,10,2,5,0.65736866,0.9894642857142856,95595.64874999928
2020-05-18 09:15:00,2020-05-18 13:05:00,1,253.05,255.85,pivot,2.799999999999983,0.115267,2.6847329999999827,84569.08949999945,1.0,2020-05-18,252.9,253.25,252.9,0.0,255.45,255.85,255.35,0.0,1.0,2020,34.0425531914899,-0.0929191143649461,0.0047256729206125,-0.0976447872855587,0.4642857142857143,308.29821428571427,1.0,253.6175,253.3358333333333,254.1834412273415,253.05155877265847,253.6175,1,9,0,5,0.9021328,0.96578373015873,84569.08949999945
2020-06-01 09:15:00,2020-06-01 14:30:00,1,269.85,272.45,pivot,2.599999999999966,0.116269,2.483730999999966,78237.52649999893,1.0,2020-06-01,270.35,270.6,269.85,0.0,272.55,272.7,272.4,0.0,1.0,2020,58.82352941176482,0.4711215092289649,0.314999871342514,0.1561216378864508,0.7857142857142857,308.29821428571427,1.0,268.7275,267.65083333333337,270.47813146486965,266.9768685351304,268.7275,1,9,0,6,0.6385165,0.9133349567099566,78237.52649999893
2020-07-30 09:20:00,2020-07-30 13:05:00,1,303.5,302.4,pivot,-1.1000000000000227,0.118177,-1.2181770000000227,-38372.57550000071,1.0,2020-07-30,303.75,303.75,303.25,0.0,302.55,302.65,302.35,0.0,1.0,2020,81.33333333333363,0.6399664833703582,0.3670574748597844,0.2729090085105738,0.5071428571428628,304.2607142857143,1.0,301.7325,301.26666666666665,303.6467883796658,299.8182116203341,301.7325,0,9,3,7,0.6121118,0.8185641025641023,-38372.57550000071
2020-08-21 11:15:00,2020-08-21 15:45:00,1,304.55,306.95,eod,2.3999999999999773,0.118345,2.281654999999977,71872.13249999928,1.0,2020-08-21,304.5,304.6,304.35,0.0,306.95,306.95,306.95,0.0,1.0,2020,43.36283185840705,0.0726901265293804,0.1718500391243214,-0.099159912594941,0.6892857142857208,300.3553571428571,-1.0,304.87,303.9216666666667,306.0471508871497,303.6928491128503,304.87,1,11,4,8,0.7939856,0.9883035714285714,71872.13249999928
2020-08-25 09:25:00,2020-08-25 15:45:00,1,311.85,314.25,eod,2.3999999999999773,0.118783,2.281216999999977,71858.33549999929,1.0,2020-08-25,311.55,311.95,311.3,0.0,314.25,314.25,314.25,0.0,1.0,2020,78.4313725490195,0.7698156693180636,0.5196347345429639,0.2501809347750996,0.7464285714285666,300.3553571428571,-1.0,309.6575,309.17833333333334,312.3629088125396,306.9520911874603,309.6575,1,9,1,8,0.78728396,0.8527132520257521,71858.33549999929
2020-11-05 10:40:00,2020-11-05 15:45:00,1,318.35,320.9,eod,2.5499999999999545,0.1191775,2.4308224999999544,76570.90874999856,1.0,2020-11-05,318.7,318.75,318.35,0.0,320.9,320.9,320.9,0.0,1.0,2020,53.96825396825414,0.8786607214099149,1.0184961774687775,-0.1398354560588626,0.442857142857142,320.0571428571428,1.0,318.4775,315.6508333333333,319.44729379332034,317.5077062066797,318.4775,1,10,3,11,0.87424606,0.8911267882444354,76570.90874999856
2020-11-11 09:15:00,2020-11-11 15:45:00,1,327.95,331.25,eod,3.300000000000012,0.119776,3.1802240000000115,100177.05600000036,1.0,2020-11-11,328.25,328.4,327.95,0.0,331.25,331.25,331.25,0.0,1.0,2020,80.28169014084418,0.5353230312244932,0.3102950276509985,0.2250280035734947,0.432142857142862,328.9714285714286,1.0,326.37749999999994,325.7316666666667,327.881345947493,324.8736540525069,326.37749999999994,1,9,2,11,0.7261892,0.9395088485860544,100177.05600000036
2020-11-16 10:05:00,2020-11-16 15:45:00,1,337.75,340.1,eod,2.3500000000000227,0.1203355,2.229664500000023,70234.43175000072,1.0,2020-11-16,338.6,338.7,337.7,0.0,340.1,340.1,340.1,0.0,1.0,2020,79.89130434782594,1.5127188000840306,1.5018384197696482,0.0108803803143824,1.010714285714288,339.9678571428571,1.0,336.36,333.2275,341.1646687823712,331.5553312176288,336.36,1,10,0,11,0.84241015,0.8430036964669314,70234.43175000072
2020-12-24 12:35:00,2020-12-24 15:45:00,1,369.85,374.1,eod,4.25,0.1223185,4.1276815,130021.96725,1.0,2020-12-24,370.0,370.1,369.8,0.0,374.1,374.1,374.1,0.0,1.0,2020,63.636363636363015,0.2967814417199292,0.2795826039566988,0.0171988377632304,0.3071428571428539,373.1392857142858,1.0,369.3775,368.2275,370.0396138440685,368.71538615593136,369.3775,1,12,3,12,0.74545395,0.9699960741872508,130021.96724999999
2020-12-30 10:55:00,2020-12-30 13:50:00,1,381.45,387.8,pivot,6.350000000000023,0.1230775,6.226922500000023,196148.05875000072,1.0,2020-12-30,381.85,381.9,381.4,0.0,387.5,387.8,387.35,0.0,1.0,2020,69.84126984126927,0.4412179143189405,0.4281066507174659,0.0131112636014746,0.5821428571428636,382.8482142857143,1.0,381.0100000000001,379.5066666666667,381.8117087055747,380.2082912944254,381.0100000000001,1,10,2,12,0.66683763,0.903325087766264,196148.05875000072
2021-01-05 09:20:00,2021-01-05 15:05:00,1,399.2,404.55,pivot,5.350000000000023,0.1241125,5.225887500000023,164615.45625000072,1.0,2021-01-05,398.35,399.25,398.2,0.0,405.2,405.45,404.45,0.0,1.0,2021,43.52941176470612,-0.0269808487721547,0.1409251541342804,-0.1679060029064352,0.9785714285714237,401.4839285714286,1.0,399.4925,399.1725,400.7932184249687,398.1917815750313,399.4925,1,9,1,1,0.8774503,0.9853347763347764,164615.45625000072
2021-01-08 09:30:00,2021-01-08 14:40:00,1,419.15,426.65,pivot,7.5,0.125374,7.374626,232300.719,1.0,2021-01-08,418.7,419.45,418.0,0.0,426.65,427.05,426.05,0.0,1.0,2021,73.47826086956512,1.6811176992029573,0.9838322255515696,0.6972854736513876,1.2607142857142963,421.1357142857143,1.0,414.55,413.2575,420.6398535113312,408.4601464886688,414.55,1,9,4,1,0.67020535,0.8895928205781145,232300.719
2021-01-08 14:40:00,2021-01-08 15:45:00,1,426.65,430.35,eod,3.7000000000000455,0.12571,3.5742900000000453,112590.13500000142,1.0,2021-01-08,426.65,427.05,426.05,0.0,430.35,430.35,430.35,0.0,1.0,2021,74.21383647798724,1.0548756724957684,0.8430368599241775,0.2118388125715908,1.017857142857147,428.9071428571429,1.0,424.6025,422.45,427.2219565527192,421.9830434472807,424.6025,1,14,4,1,0.85330987,0.9022399267399268,112590.13500000142
2021-01-25 10:45:00,2021-01-25 15:45:00,1,432.25,436.6,eod,4.350000000000023,0.1260655,4.223934500000023,133053.93675000072,1.0,2021-01-25,432.4,432.9,432.15,0.0,436.6,436.6,436.6,0.0,1.0,2021,71.05263157894738,0.8839004810038773,0.7874571995754702,0.096443281428407,1.0214285714285682,434.725,1.0,430.99750000000006,429.7791666666666,433.8482570554893,428.1467429445108,430.99750000000006,1,10,0,1,0.6716098,0.9132967645099996,133053.93675000072
2021-01-29 09:40:00,2021-01-29 11:10:00,1,415.5,414.0,eod,-1.5,0.124885,-1.624885,-51183.8775,1.0,2021-01-29,414.3,415.55,413.7,0.0,414.0,414.15,413.2,0.0,1.0,2021,51.36186770428024,0.2027896033939669,0.2820522524403119,-0.079262649046345,1.625,438.0321428571428,1.0,415.355,415.23083333333335,418.0402227193629,412.6697772806372,415.355,0,9,4,1,0.65609735,0.980556166056166,-51183.877499999995
2021-02-01 11:40:00,2021-02-01 15:25:00,1,409.75,414.8,pivot,5.050000000000011,0.1247365,4.925263500000011,155145.80025000035,1.0,2021-02-01,410.4,410.6,409.2,0.0,414.85,415.0,414.55,0.0,1.0,2021,46.478873239436574,0.7753368591289131,0.9229032868238868,-0.1475664276949735,1.085714285714285,438.0321428571428,1.0,410.06000000000006,407.2825,412.2608610754944,407.8591389245057,410.06000000000006,1,11,0,2,0.8038222,0.8580295434269892,155145.80025000035
2021-02-03 11:15:00,2021-02-03 15:45:00,1,421.0,425.3,eod,4.300000000000011,0.125389,4.174611000000011,131500.24650000036,1.0,2021-02-03,421.5,421.55,420.6,0.0,425.3,425.3,425.3,0.0,1.0,2021,31.41025641025645,-0.5715075067971043,-0.344280870759392,-0.2272266360377122,1.335714285714289,438.0321428571428,1.0,422.99,422.285,426.7349755813823,419.2450244186176,422.99,1,11,2,2,0.658853,0.9379176656676655,131500.24650000036
2021-02-25 10:30:00,2021-02-25 15:45:00,1,415.8,422.95,eod,7.149999999999977,0.1251625,7.024837499999977,221282.38124999928,1.0,2021-02-25,415.6,416.3,415.6,0.0,422.95,422.95,422.95,0.0,1.0,2021,63.030303030303145,1.1851997072975564,1.1680744454176473,0.0171252618799091,1.0321428571428524,404.9785714285714,-1.0,414.475,412.4825,418.3594494292527,410.5905505707474,414.475,1,10,3,2,0.62020475,0.8313087002866417,221282.38124999928
2021-03-03 10:15:00,2021-03-03 15:10:00,1,413.75,419.15,pivot,5.399999999999977,0.124987,5.275012999999977,166162.90949999928,1.0,2021-03-03,414.45,414.6,413.7,0.0,419.4,419.4,418.95,0.0,1.0,2021,54.79452054794512,0.0661390585190702,0.1565679849490188,-0.0904289264299486,1.0249999999999977,404.9785714285714,-1.0,414.8625,414.8416666666666,416.2947874601191,413.4302125398809,414.8625,1,10,2,3,0.8256906,0.9867902930402932,166162.90949999928
2021-03-08 09:55:00,2021-03-08 12:05:00,1,413.8,410.6,eod,-3.1999999999999886,0.124732,-3.3247319999999885,-104729.05799999964,1.0,2021-03-08,414.5,414.75,413.75,0.0,410.6,411.55,410.5,0.0,1.0,2021,63.9784946236561,0.6020633549002241,0.5058526519772346,0.0962107029229895,1.1964285714285714,403.9857142857143,-1.0,412.98,411.7600000000001,414.7969957854153,411.1630042145848,412.98,0,9,0,3,0.61208224,0.9609284696784696,-104729.05799999964
2021-03-11 10:00:00,2021-03-11 12:35:00,1,407.9,412.35,pivot,4.4500000000000455,0.1246075,4.325392500000046,136249.86375000144,1.0,2021-03-11,407.75,408.0,407.45,0.0,412.2,412.55,412.2,0.0,1.0,2021,69.23076923076931,1.0328138991474702,0.9007743644605116,0.1320395346869585,1.0892857142857102,397.6375,-1.0,406.2475,405.3358333333333,410.34839528094864,402.14660471905137,406.2475,1,10,3,3,0.686714,0.8538022219326566,136249.86375000144
2021-05-18 09:15:00,2021-05-18 15:45:00,1,419.85,422.9,eod,3.0499999999999545,0.1252825,2.9247174999999546,92128.60124999857,1.0,2021-05-18,421.2,421.25,419.75,0.0,422.9,422.9,422.9,0.0,1.0,2021,78.00000000000107,0.6554138703302783,0.3928594686263412,0.2625544017039371,0.6607142857142898,397.6375,-1.0,418.61,417.5808333333333,420.45208120283314,416.7679187971668,418.61,1,9,1,5,0.857747,0.9600119047619048,92128.60124999857
2021-07-15 10:15:00,2021-07-15 15:45:00,1,433.85,436.25,eod,2.3999999999999773,0.126103,2.273896999999977,71627.75549999929,1.0,2021-07-15,434.05,434.1,433.75,0.0,436.25,436.25,436.25,0.0,1.0,2021,45.71428571428548,0.1897299059904185,0.1938034405923143,-0.0040735346018958,0.5000000000000081,422.4214285714286,-1.0,433.745,433.23333333333335,434.4407767335497,433.0492232664503,433.745,1,10,3,7,0.6592937,0.9663219558219558,71627.75549999929
2021-08-31 09:15:00,2021-08-31 15:45:00,1,411.25,419.5,eod,8.25,0.1249225,8.1250775,255939.94125,1.0,2021-08-31,411.25,411.4,410.75,0.0,419.5,419.5,419.5,0.0,1.0,2021,44.30379746835439,-0.087440027002799,-0.0586830309378939,-0.0287569960649051,0.6142857142857038,398.58214285714286,-1.0,411.595,411.585,412.388990587183,410.80100941281694,411.595,1,9,1,8,0.7692577,0.9886153846153846,255939.94125
2021-10-18 09:15:00,2021-10-18 14:45:00,1,390.0,392.7,eod,2.6999999999999886,0.123481,2.5765189999999887,81160.34849999964,1.0,2021-10-18,390.1,390.25,389.55,0.0,392.7,392.9,392.7,0.0,1.0,2021,63.809523809523945,0.4404072259727059,0.3429865774319567,0.0974206485407491,0.7535714285714212,378.3553571428571,-1.0,389.295,388.7825,390.7610724474091,387.8289275525909,389.295,1,9,0,10,0.8320154,0.895752474105415,81160.34849999964
2021-10-26 09:15:00,2021-10-26 15:45:00,1,397.15,399.35,eod,2.200000000000045,0.123895,2.0761050000000454,65397.30750000143,1.0,2021-10-26,397.0,397.5,396.8,0.0,399.35,399.35,399.35,0.0,1.0,2021,60.24096385542173,0.4277459976528348,0.2736825273586131,0.1540634702942217,0.5464285714285738,398.39464285714286,1.0,396.01,395.4283333333333,397.3767479650486,394.6432520349514,396.01,1,9,1,10,0.7882736,0.884439369454075,65397.30750000143
2021-11-22 10:50:00,2021-11-22 15:45:00,1,396.7,400.0,eod,3.300000000000012,0.123901,3.176099000000012,100047.11850000036,1.0,2021-11-22,396.9,397.05,396.7,0.0,400.0,400.0,400.0,0.0,1.0,2021,67.69230769230734,1.0666259586134856,1.1629981019977276,-0.0963721433842419,0.4499999999999927,397.55,1.0,396.0825,392.3558333333333,396.9980240086962,395.1669759913038,396.0825,1,10,0,11,0.7592539,0.8735842580621993,100047.11850000039
2021-12-01 11:30:00,2021-12-01 15:45:00,1,380.35,383.0,eod,2.6499999999999773,0.1229005,2.527099499999977,79603.63424999928,1.0,2021-12-01,380.7,381.0,380.3,0.0,383.0,383.0,383.0,0.0,1.0,2021,93.05555555555684,1.0151625908973188,0.8494821411792475,0.1656804497180712,0.5464285714285657,386.5303571428572,1.0,378.59,376.7441666666666,380.7005250033154,376.47947499668464,378.59,1,11,2,12,0.7916499,0.9466731532356532,79603.63424999928
2021-12-02 10:10:00,2021-12-02 15:45:00,1,384.2,389.0,eod,4.800000000000011,0.123196,4.676804000000011,147319.32600000035,1.0,2021-12-02,383.9,384.3,383.25,0.0,389.0,389.0,389.0,0.0,1.0,2021,66.47058823529386,0.2332636416025479,0.2033269342365382,0.0299367073660097,1.4000000000000057,386.5303571428572,1.0,383.225,382.6325,385.0184089855849,381.4315910144151,383.225,1,10,3,12,0.8178089,0.9606654734154731,147319.32600000035
2021-12-07 11:40:00,2021-12-07 15:45:00,1,393.75,396.15,eod,2.3999999999999773,0.123697,2.2763029999999773,71703.54449999929,1.0,2021-12-07,394.1,394.2,393.7,0.0,396.15,396.15,396.15,0.0,1.0,2021,70.00000000000037,0.318650939879717,0.265439586518529,0.053211353361188,0.6285714285714253,394.9535714285714,1.0,393.345,393.03583333333336,394.20149223428496,392.4885077657151,393.345,1,11,1,12,0.6970275,0.972394078144078,71703.54449999929
2022-01-28 11:20:00,2022-01-28 15:45:00,1,353.7,356.6,eod,2.900000000000034,0.121309,2.778691000000034,87528.76650000107,1.0,2022-01-28,354.7,354.7,353.6,0.0,356.6,356.6,356.6,0.0,1.0,2022,75.48387096774168,1.1675539868899136,0.9198499907936404,0.2477039960962732,0.9178571428571486,345.61785714285713,-1.0,352.035,350.46583333333336,355.63954391596343,348.4304560840365,352.035,1,11,4,1,0.7144779,0.8891117909867908,87528.76650000107
2022-02-04 10:40:00,2022-02-04 14:30:00,1,363.25,365.5,pivot,2.25,0.1218625,2.1281375,67036.33124999999,1.0,2022-02-04,363.1,363.4,362.8,0.0,365.75,365.8,365.45,0.0,1.0,2022,22.222222222221845,-0.1735517196586329,0.04261849690506,-0.216170216563693,0.75,345.61785714285713,-1.0,364.6950000000001,364.2225,366.5072100494254,362.8827899505747,364.6950000000001,1,10,4,2,0.8116536,0.958138528138528,67036.33124999999
2022-04-13 09:20:00,2022-04-13 15:45:00,1,353.9,358.8,eod,4.900000000000034,0.121381,4.778619000000034,150526.49850000106,1.0,2022-04-13,353.65,353.9,353.15,0.0,358.8,358.8,358.8,0.0,1.0,2022,58.82352941176411,0.4169588738481593,0.2974485958084646,0.1195102780396947,0.5178571428571429,350.7392857142857,-1.0,352.9725,352.3583333333333,354.2089954720625,351.73600452793744,352.9725,1,9,2,4,0.7124446,0.9416443461222872,150526.49850000106
2022-04-28 09:30:00,2022-04-28 15:45:00,1,345.6,349.9,eod,4.2999999999999545,0.120865,4.179134999999954,131642.75249999855,1.0,2022-04-28,345.6,345.9,345.5,0.0,349.9,349.9,349.9,0.0,1.0,2022,55.91397849462373,0.0907252441539867,0.1140227513331101,-0.0232975071791233,0.6964285714285755,341.9535714285714,-1.0,345.7625,345.6816666666667,346.59719187486525,344.92780812513473,345.7625,1,9,3,4,0.7135015,0.9651373348873348,131642.75249999855
2022-05-20 09:15:00,2022-05-20 15:45:00,1,346.25,349.65,eod,3.3999999999999773,0.120877,3.279122999999977,103292.37449999928,1.0,2022-05-20,346.5,346.75,346.25,0.0,349.65,349.65,349.65,0.0,1.0,2022,75.34246575342453,0.6172626620173673,0.1842343808531741,0.4330282811641932,0.7321428571428531,356.5696428571428,1.0,343.475,343.18416666666667,346.1820084477848,340.7679915522152,343.475,1,9,4,5,0.77124274,0.9781805971805972,103292.37449999928
2022-06-24 09:15:00,2022-06-24 14:45:00,1,307.6,313.4,pivot,5.7999999999999545,0.11863,5.681369999999955,178963.15499999857,1.0,2022-06-24,308.25,308.4,306.9,0.0,313.55,313.7,313.25,0.0,1.0,2022,56.11510791366929,0.1567421837740426,-0.0337897134250625,0.1905318971991051,0.9107142857142816,303.73035714285714,-1.0,306.8825,306.8275,308.40574964196776,305.3592503580322,306.8825,1,9,4,6,0.72752523,0.9622014790764792,178963.15499999857
2022-07-18 10:20:00,2022-07-18 15:45:00,1,313.05,316.0,eod,2.9499999999999886,0.1188715,2.831128499999988,89180.54774999963,1.0,2022-07-18,312.9,313.2,312.7,0.0,316.0,316.0,316.0,0.0,1.0,2022,61.34453781512578,1.0331294217506295,1.0303554621243478,0.0027739596262819,0.7892857142857151,314.6678571428571,1.0,311.64250000000004,309.1258333333334,314.8305162117984,308.4544837882017,311.64250000000004,1,10,0,7,0.78030205,0.8054664567458681,89180.54774999963
2022-09-13 09:20:00,2022-09-13 15:45:00,1,316.75,320.2,eod,3.4499999999999886,0.1191085,3.330891499999989,104923.08224999964,1.0,2022-09-13,316.7,317.0,316.4,0.0,320.2,320.2,320.2,0.0,1.0,2022,90.7103825136615,1.659640117556819,0.7604540457211655,0.8991860718356535,0.9857142857142744,305.6982142857143,-1.0,310.9075,309.9391666666667,317.0946917784457,304.72030822155426,310.9075,1,9,1,9,0.66963345,0.9509078352203352,104923.08224999964
2022-12-22 10:00:00,2022-12-22 15:45:00,1,302.35,305.05,eod,2.6999999999999886,0.118222,2.581777999999989,81326.00699999965,1.0,2022-12-22,302.05,302.5,302.05,0.0,305.05,305.05,305.05,0.0,1.0,2022,61.36363636363672,0.2845205855053905,0.2579772351386601,0.0265433503667303,0.5607142857142914,300.1642857142857,-1.0,301.8375,301.5191666666667,303.11930587974007,300.5556941202599,301.8375,1,10,3,12,0.6613708,0.9621119550384256,81326.00699999965
2023-01-04 09:30:00,2023-01-04 15:45:00,1,293.25,297.0,eod,3.75,0.1177075,3.6322925,114417.21375,1.0,2023-01-04,293.0,293.25,292.45,0.0,297.0,297.0,297.0,0.0,1.0,2023,60.130718954248245,0.2787212915249029,0.0769797401531067,0.2017415513717961,0.8000000000000114,284.875,-1.0,291.4125,290.67833333333334,293.3340878850576,289.49091211494243,291.4125,1,9,2,1,0.6228207,0.9303266178266176,114417.21375000001
2023-01-06 09:45:00,2023-01-06 15:15:00,1,300.0,302.75,eod,2.75,0.1180825,2.6319175,82905.40125000001,1.0,2023-01-06,300.8,300.9,300.0,0.0,302.75,302.85,302.5,0.0,1.0,2023,57.6158940397352,0.3201310163906328,0.2513828970645315,0.0687481193261012,0.942857142857138,301.8642857142857,1.0,299.595,298.7925,300.81150924239654,298.3784907576035,299.595,1,9,4,1,0.6400726,0.9491913179413178,82905.40125000001
2023-01-26 11:05:00,2023-01-26 15:45:00,1,323.2,326.65,eod,3.4499999999999886,0.1194955,3.3305044999999884,104910.89174999965,1.0,2023-01-26,323.3,323.3,323.1,0.0,326.65,326.65,326.65,0.0,1.0,2023,52.94117647058902,0.2364161299381635,0.2133642151504018,0.0230519147877616,0.3500000000000024,324.0642857142857,1.0,322.87,322.2933333333333,323.5159590992256,322.2240409007744,322.87,1,11,3,1,0.6545007,0.9552604372751432,104910.89174999963
2023-02-01 13:30:00,2023-02-01 15:45:00,1,320.55,322.85,eod,2.300000000000012,0.119302,2.180698000000012,68691.98700000036,1.0,2023-02-01,320.15,320.55,319.9,0.0,322.85,322.85,322.85,0.0,1.0,2023,33.9999999999994,-0.0572999017459778,0.0423695989214742,-0.0996695006674521,0.3500000000000065,317.8017857142857,-1.0,321.04,320.865,321.6704551404731,320.40954485952693,321.04,1,13,2,2,0.8942646,0.95375,68691.98700000037
2023-04-10 10:05:00,2023-04-10 14:15:00,1,329.2,328.05,eod,-1.1499999999999773,0.1197175,-1.2697174999999772,-39996.10124999928,1.0,2023-04-10,329.3,329.5,329.15,0.0,328.05,328.1,327.85,0.0,1.0,2023,80.68965517241395,0.9350658354328516,0.6427589093649032,0.2923069260679484,0.7857142857142857,330.50357142857143,1.0,326.6425,325.55,329.553147422994,323.731852577006,326.6425,0,10,0,4,0.75199157,0.913860334110334,-39996.10124999928
2023-05-22 09:00:00,2023-05-22 14:10:00,1,335.0,337.25,eod,2.25,0.1201675,2.1298325,67089.72375,1.0,2023-05-22,334.45,335.0,333.95,0.0,337.25,337.3,337.0,0.0,1.0,2023,53.65853658536559,0.0968794705873961,0.1074710880021092,-0.0105916174147131,0.2928571428571364,321.3285714285714,-1.0,334.46,334.175,334.88002506189173,334.03997493810823,334.46,1,9,0,5,0.6847557,0.9764632867132866,67089.72375
2023-06-02 09:15:00,2023-06-02 15:45:00,1,340.8,342.95,eod,2.1499999999999773,0.1205125,2.029487499999977,63928.85624999929,1.0,2023-06-02,340.85,341.05,340.75,0.0,342.95,342.95,342.95,0.0,1.0,2023,77.38095238095185,0.5283297466651788,0.2382085036145682,0.2901212430506106,0.4428571428571298,321.3285714285714,-1.0,338.89500000000004,338.4125,340.88044705292924,336.90955294707084,338.89500000000004,1,9,4,6,0.8986546,0.9593149350649348,63928.85624999928
2023-06-09 10:30:00,2023-06-09 15:45:00,1,346.5,349.5,eod,3.0,0.12088,2.87912,90692.28,1.0,2023-06-09,347.0,347.05,346.5,0.0,349.5,349.5,349.5,0.0,1.0,2023,55.7142857142854,0.9570134093338538,0.9559139093107736,0.0010995000230802,0.4071428571428563,321.3285714285714,-1.0,345.6325,342.87,347.4858823986802,343.7791176013198,345.6325,1,10,4,6,0.78688306,0.8573520344035049,90692.28
2023-08-01 09:20:00,2023-08-01 15:45:00,1,350.0,352.35,eod,2.3500000000000227,0.1210705,2.2289295000000227,70211.27925000072,1.0,2023-08-01,350.55,350.65,349.9,0.0,352.35,352.35,352.35,0.0,1.0,2023,84.37499999999922,0.753429863821907,0.4325824816380389,0.3208473821838681,0.517857142857151,331.5875,-1.0,347.885,347.1191666666667,350.0990936127785,345.67090638722146,347.885,1,9,1,8,0.90427214,0.9780605158730158,70211.27925000072
2023-09-01 09:15:00,2023-09-01 14:00:00,1,335.35,337.75,pivot,2.3999999999999773,0.120193,2.2798069999999773,71813.92049999928,1.0,2023-09-01,335.8,335.9,335.25,0.0,337.9,337.95,337.65,0.0,1.0,2023,65.65656565656616,0.3025976781831332,0.1951641917190091,0.107433486464124,0.5142857142857095,336.3482142857143,1.0,334.72,334.2958333333333,335.85295143211204,333.587048567888,334.72,1,9,4,9,0.8052671,0.9710470847235552,71813.92049999928
2023-09-14 09:00:00,2023-09-14 15:15:00,1,337.4,340.3,eod,2.900000000000034,0.120331,2.7796690000000344,87559.57350000108,1.0,2023-09-14,337.15,337.5,337.1,0.0,340.3,340.35,340.0,0.0,1.0,2023,67.7966101694898,0.2900786868233354,0.168354754934542,0.1217239318887933,0.3285714285714383,333.8482142857143,-1.0,336.3,335.84583333333336,337.22508890048874,335.3749110995113,336.3,1,9,3,9,0.68243134,0.9840167147667148,87559.57350000108
2023-10-24 13:05:00,2023-10-24 15:45:00,1,315.95,319.55,eod,3.6000000000000227,0.119065,3.4809350000000228,109649.45250000073,1.0,2023-10-24,315.75,315.95,315.5,0.0,319.55,319.55,319.55,0.0,1.0,2023,39.13043478260919,-0.0019215997368746,0.0532455516535848,-0.0551671513904595,0.4071428571428604,312.1839285714285,-1.0,316.325,316.2083333333333,317.4561382251964,315.1938617748036,316.325,1,13,1,10,0.79171324,0.972345238095238,109649.45250000071
2023-11-06 09:00:00,2023-11-06 15:45:00,1,324.8,335.3,eod,10.5,0.119803,10.380197,326976.20550000004,1.0,2023-11-06,323.75,324.8,323.45,0.0,335.3,335.3,335.3,0.0,1.0,2023,78.26086956521742,1.1859761676259382,0.5932393089147004,0.5927368587112377,0.7428571428571412,305.8678571428572,-1.0,320.365,319.6225,324.74258645353115,315.9874135464689,320.365,1,9,0,11,0.7749301,0.9316778707403708,326976.20550000004
2023-11-28 09:25:00,2023-11-28 15:45:00,1,335.65,338.4,eod,2.75,0.1202215,2.6297785,82838.02275,1.0,2023-11-28,336.0,336.0,335.6,0.0,338.4,338.4,338.4,0.0,1.0,2023,64.0776699029121,0.5633439469310701,0.4680834210834926,0.0952605258475775,0.5642857142857126,339.13928571428573,1.0,335.07000000000005,334.27000000000004,336.9019963227132,333.23800367728694,335.07000000000005,1,9,1,11,0.66333485,0.9493589428001192,82838.02275
2023-12-20 09:00:00,2023-12-20 15:45:00,1,347.65,351.65,eod,4.0,0.120979,3.879021,122189.1615,1.0,2023-12-20,347.55,347.9,347.45,0.0,351.65,351.65,351.65,0.0,1.0,2023,86.90476190476278,0.8182014768427734,0.4706686807090885,0.3475327961336849,0.4357142857142792,348.4678571428572,1.0,345.15,344.43500000000006,347.80766022937206,342.4923397706279,345.15,1,9,2,12,0.7641252,0.9487506590631593,122189.16149999999
2023-12-27 11:00:00,2023-12-27 15:45:00,1,353.45,355.9,eod,2.4499999999999886,0.1212805,2.3287194999999885,73354.66424999964,1.0,2023-12-27,353.65,353.75,353.4,0.0,355.9,355.9,355.9,0.0,1.0,2023,66.66666666666615,0.3197478969387362,0.2201255157608147,0.0996223811779214,0.4500000000000008,355.7946428571429,1.0,352.75000000000006,352.1375,353.8583415775876,351.64165842241255,352.75000000000006,1,11,2,12,0.8517672,0.98522980940628,73354.66424999964
2024-01-02 12:20:00,2024-01-02 15:45:00,1,360.55,363.8,eod,3.25,0.1217305,3.1282695,98540.48925,1.0,2024-01-02,360.35,360.7,360.25,0.0,363.8,363.8,363.8,0.0,0.0,2024,58.62068965517248,0.2116525685165129,0.2464820153131216,-0.0348294467966087,0.4642857142857183,361.8732142857143,1.0,360.4175,,361.3387548650159,359.4962451349841,360.4175,1,12,1,1,0.83630157,0.8982540237540237,98540.48925
2024-03-26 09:00:00,2024-03-26 11:25:00,1,375.65,378.9,pivot,3.25,0.1226365,3.1273635,98511.95025,1.0,2024-03-26,376.6,376.7,375.25,0.0,378.8,378.95,378.7,0.0,1.0,2024,79.8387096774195,0.7857031860120856,0.3884409222738929,0.3972622637381926,0.6178571428571493,377.9910714285714,1.0,373.4,372.8066666666667,375.9800856778881,370.8199143221119,373.4,1,9,1,3,0.60839665,0.9483180430680428,98511.95025
2024-05-27 10:45:00,2024-05-27 15:45:00,1,368.4,371.75,eod,3.3500000000000227,0.1222045,3.2277955000000227,101675.55825000071,1.0,2024-05-27,368.15,368.55,368.1,0.0,371.75,371.75,371.75,0.0,1.0,2024,54.92957746478808,0.2675672694705895,0.2919256418210877,-0.0243583723504982,0.4571428571428514,364.7267857142857,-1.0,368.0625,367.25166666666667,368.645482350585,367.47951764941496,368.0625,1,10,0,5,0.73299277,0.9542587167734228,101675.55825000071
2024-06-12 14:15:00,2024-06-12 15:45:00,1,369.1,371.7,eod,2.599999999999966,0.122224,2.477775999999966,78049.94399999893,1.0,2024-06-12,369.0,369.1,368.95,0.0,371.7,371.7,371.7,0.0,1.0,2024,48.48484848484828,0.1327360953962397,0.1811695802587429,-0.0484334848625032,0.2428571428571493,370.0535714285714,1.0,369.1375,368.73083333333335,369.65240929203935,368.6225907079606,369.1375,1,14,2,6,0.81538546,0.8844203296703296,78049.94399999893
2024-07-23 14:45:00,2024-07-23 15:45:00,1,384.25,383.2,eod,-1.0500000000000114,0.1230235,-1.173023500000011,-36950.24025000036,1.0,2024-07-23,383.65,384.3,383.5,0.0,383.2,383.2,383.2,0.0,1.0,2024,44.44444444444444,0.090609307058969,0.1285909364358199,-0.0379816293768508,0.3392857142857143,398.8982142857143,1.0,384.15,383.9333333333333,384.6377445408072,383.6622554591928,384.15,0,14,1,7,0.6718325,0.8272402597402596,-36950.24025000035
2024-07-31 12:30:00,2024-07-31 15:45:00,1,378.25,382.0,eod,3.75,0.1228075,3.6271925,114256.56375,1.0,2024-07-31,378.55,378.55,378.2,0.0,382.0,382.0,382.0,0.0,1.0,2024,75.55555555555824,0.2801930393673615,0.2316756409234142,0.0485173984439472,0.3071428571428579,398.8982142857143,1.0,377.8025,377.3066666666667,379.0149247128479,376.59007528715216,377.8025,1,12,2,7,0.77820337,0.9615515873015872,114256.56375
2024-08-28 09:20:00,2024-08-28 15:45:00,1,364.5,367.45,eod,2.9499999999999886,0.1219585,2.8280414999999888,89083.30724999965,1.0,2024-08-28,363.55,364.6,363.35,0.0,367.45,367.45,367.45,0.0,1.0,2024,32.824427480915915,-0.2415659441438151,-0.0698977028491125,-0.1716682412947026,0.7392857142857078,372.1464285714285,1.0,365.4575,365.4825,366.627419025527,364.2875809744731,365.4575,1,9,2,8,0.68495035,0.9497527750027748,89083.30724999965
2024-10-23 11:00:00,2024-10-23 15:45:00,1,345.2,347.95,eod,2.75,0.1207945,2.6292055,82819.97325,1.0,2024-10-23,345.5,345.55,345.2,0.0,347.95,347.95,347.95,0.0,1.0,2024,69.87951807228899,0.3940809680958637,0.2756742056516246,0.118406762444239,0.5035714285714376,341.8214285714286,-1.0,344.6,344.14833333333337,345.783660690858,343.4163393091421,344.6,1,11,2,10,0.7776235,0.932397399985635,82819.97325
2024-11-18 09:00:00,2024-11-18 13:35:00,1,324.3,327.55,eod,3.25,0.1195555,3.1304445,98609.00175,1.0,2024-11-18,324.75,324.8,323.9,0.0,327.55,327.7,327.4,0.0,1.0,2024,72.51908396946553,0.5535828014051276,0.1776515261639764,0.3759312752411512,0.7821428571428726,311.83392857142854,-1.0,321.96500000000003,321.1683333333333,324.6475164930458,319.28248350695424,321.96500000000003,1,9,0,11,0.8105301,0.9511091208627972,98609.00175
2024-12-12 10:50:00,2024-12-12 15:15:00,1,326.35,329.8,eod,3.4499999999999886,0.1196845,3.3303154999999887,104904.93824999964,1.0,2024-12-12,326.1,326.35,325.8,0.0,329.8,329.9,329.4,0.0,1.0,2024,56.14035087719358,0.2787855904127241,0.2984478794237506,-0.0196622890110265,0.5428571428571323,311.83392857142854,-1.0,325.99,324.4825,327.39135272947993,324.5886472705201,325.99,1,10,3,12,0.7460436,0.9694732995762408,104904.93824999964
2024-12-23 09:50:00,2024-12-23 15:45:00,1,319.8,322.6,eod,2.800000000000012,0.119272,2.680728000000012,84442.93200000035,1.0,2024-12-23,319.45,319.95,319.35,0.0,322.6,322.6,322.6,0.0,1.0,2024,59.18367346938757,0.8024780151677646,0.8641125547574036,-0.0616345395896389,0.9357142857142914,330.8464285714286,1.0,318.9725,316.9425,321.4972146787133,316.44778532128663,318.9725,1,9,0,12,0.77580225,0.8462808612955672,84442.93200000038
2025-01-03 09:15:00,2025-01-03 14:50:00,1,321.5,324.55,eod,3.050000000000012,0.1193815,2.930618500000012,92314.48275000036,1.0,2025-01-03,322.45,322.8,321.45,0.0,324.55,324.9,324.45,0.0,1.0,2025,79.0123456790124,0.9729396628904964,0.5009351392022627,0.4720045236882337,0.8964285714285641,323.46964285714284,1.0,318.39750000000004,317.37083333333334,321.5129073823328,315.2820926176673,318.39750000000004,1,9,4,1,0.77833927,0.9535628815628816,92314.48275000037
2025-05-28 09:00:00,2025-05-28 14:00:00,1,352.55,356.6,eod,4.050000000000011,0.1212745,3.928725500000011,123754.85325000036,1.0,2025-05-28,353.55,353.85,352.15,0.0,356.6,356.85,356.5,0.0,1.0,2025,95.3125000000007,0.6133074208358948,0.3926301341324296,0.2206772867034652,0.4642857142857143,353.69642857142856,1.0,351.34000000000003,350.71000000000004,353.0594246282474,349.62057537175264,351.34000000000003,1,9,2,5,0.7694155,0.9677507631257632,123754.85325000035
2025-06-04 09:05:00,2025-06-04 15:45:00,1,366.05,370.05,eod,4.0,0.122083,3.877917,122154.3855,1.0,2025-06-04,366.0,366.65,365.5,0.0,370.05,370.05,370.05,0.0,1.0,2025,83.24324324324311,1.5285277605952388,0.7939788812795273,0.7345488793157114,1.1285714285714252,367.7678571428571,1.0,360.765,359.6958333333333,365.8268386507012,355.7031613492988,360.765,1,9,2,6,0.7000847,0.9743499694749694,122154.3855
2025-06-16 10:00:00,2025-06-16 15:45:00,1,387.8,394.2,eod,6.399999999999977,0.12346,6.276539999999978,197711.00999999928,1.0,2025-06-16,388.4,388.5,387.6,0.0,394.2,394.2,394.2,0.0,1.0,2025,36.04651162790691,0.0085693782690441,0.1401339093774202,-0.131564531108376,1.1142857142857037,394.7892857142857,1.0,388.5,387.6125,390.8543911938489,386.1456088061511,388.5,1,10,0,6,0.91794354,0.9502431457431456,197711.00999999928
2025-06-20 10:15:00,2025-06-20 15:45:00,1,401.8,405.15,eod,3.349999999999966,0.1242085,3.225791499999966,101612.43224999892,1.0,2025-06-20,402.5,402.8,401.8,0.0,405.15,405.15,405.15,0.0,1.0,2025,51.61290322580636,0.6404630660433668,0.551659192447603,0.0888038735957638,1.0321428571428604,395.2285714285714,-1.0,401.205,399.6283333333333,403.06621069788577,399.3437893021143,401.205,1,10,4,6,0.7473599,0.9432495791245792,101612.43224999892
2025-07-03 09:00:00,2025-07-03 12:15:00,1,417.7,420.4,pivot,2.6999999999999886,0.125143,2.5748569999999886,81107.99549999964,1.0,2025-07-03,419.35,419.35,416.6,0.0,420.4,420.5,419.95,0.0,1.0,2025,88.5714285714285,1.100457814526976,0.6965702269830263,0.4038875875439498,0.8499999999999984,425.35535714285714,1.0,415.285,413.6333333333333,418.373876477506,412.196123522494,415.285,1,9,3,7,0.6226223,0.9435296092796094,81107.99549999964
2025-07-08 11:30:00,2025-07-08 15:45:00,1,418.85,421.65,eod,2.7999999999999545,0.125215,2.6747849999999547,84255.72749999857,1.0,2025-07-08,419.1,419.15,418.8,0.0,421.65,421.65,421.65,0.0,1.0,2025,43.0463576158944,0.1556462441504322,0.251978155496223,-0.0963319113457907,0.8749999999999878,425.35535714285714,1.0,419.005,416.8708333333333,421.559438860731,416.450561139269,419.005,1,11,1,7,0.76572084,0.983905303030303,84255.72749999857
2025-07-29 09:35:00,2025-07-29 15:45:00,1,429.95,436.2,eod,6.25,0.1259845,6.1240155,192906.48825,1.0,2025-07-29,430.7,430.95,429.95,0.0,436.2,436.2,436.2,0.0,1.0,2025,36.59793814432984,-0.6582901042889944,-0.5431841637517447,-0.1151059405372496,1.2142857142857224,426.7821428571428,-1.0,431.4200000000001,431.52166666666665,435.0039407887351,427.836059211265,431.4200000000001,1,9,1,7,0.7608373,0.9797459207459208,192906.48825
2025-07-30 09:15:00,2025-07-30 12:00:00,1,436.85,441.1,pivot,4.25,0.1263385,4.1236615,129895.33725,1.0,2025-07-30,437.2,437.4,436.2,0.0,441.1,441.3,440.95,0.0,1.0,2025,57.77777777777755,0.491262750308806,0.3269924465237807,0.1642703037850253,1.007142857142851,440.2946428571429,1.0,436.3850000000001,435.8708333333333,438.56338665510486,434.2066133448952,436.3850000000001,1,9,2,7,0.79092014,0.9528616663264496,129895.33725
2025-08-27 09:05:00,2025-08-27 15:45:00,1,428.0,430.6,eod,2.6000000000000227,0.125758,2.474242000000023,77938.62300000072,1.0,2025-08-27,428.8,428.9,427.75,0.0,430.6,430.6,430.6,0.0,1.0,2025,44.05594405594442,-0.0931231045909157,0.001410264216217,-0.0945333688071328,0.7464285714285747,427.2053571428571,-1.0,429.7325,429.6558333333333,431.1831894906337,428.2818105093663,429.7325,1,9,2,8,0.79517233,0.9974603174603176,77938.62300000072
2025-09-09 09:45:00,2025-09-09 15:45:00,1,436.4,441.1,eod,4.7000000000000455,0.126325,4.573675000000046,144070.76250000144,1.0,2025-09-09,436.65,437.0,436.35,0.0,441.1,441.1,441.1,0.0,1.0,2025,66.66666666666629,0.5596992054173029,0.5281538071194123,0.0315453982978906,0.7178571428571436,437.75178571428575,1.0,435.675,434.29583333333335,436.85040586412094,434.4995941358791,435.675,1,9,1,9,0.9063961,0.9672437154348918,144070.76250000144
2025-09-16 09:40:00,2025-09-16 15:45:00,1,468.85,473.9,eod,5.0499999999999545,0.1282825,4.921717499999954,155034.10124999855,1.0,2025-09-16,469.5,469.5,468.75,0.0,473.9,473.9,473.9,0.0,1.0,2025,70.62937062937078,0.6892840952805273,0.5230729345307711,0.1662111607497561,1.0178571428571428,471.2375,1.0,467.845,467.48,470.7497873365433,464.9402126634567,467.845,1,9,1,9,0.87377936,0.9590886841916252,155034.10124999852
2025-09-18 09:40:00,2025-09-18 15:45:00,1,471.25,475.95,eod,4.699999999999989,0.128416,4.571583999999989,144004.89599999966,1.0,2025-09-18,470.8,471.3,470.75,0.0,475.95,475.95,475.95,0.0,1.0,2025,64.16184971098254,0.6273262944445719,0.5281359680926639,0.0991903263519079,1.1250000000000122,475.30178571428576,1.0,469.9625,469.46583333333336,473.16675292991744,466.7582470700825,469.9625,1,9,3,9,0.85687584,0.9832769593667426,144004.89599999966
2025-09-23 09:25:00,2025-09-23 11:35:00,1,483.35,481.45,pivot,-1.900000000000034,0.128944,-2.0289440000000343,-63911.73600000108,1.0,2025-09-23,482.75,483.5,482.5,0.0,481.55,481.65,481.4,0.0,1.0,2025,67.15686274509815,0.9707511921125728,0.686173793562664,0.2845773985499089,1.3249999999999968,485.0517857142857,1.0,480.7125,480.13666666666666,484.4816092060205,476.94339079397946,480.7125,0,9,1,9,0.6083868,0.8108088730472798,-63911.73600000108
2025-10-02 09:50:00,2025-10-02 14:35:00,1,495.55,497.9,eod,2.349999999999966,0.1298035,2.220196499999966,69936.18974999893,1.0,2025-10-02,495.7,495.95,495.25,0.0,497.9,497.95,497.5,0.0,1.0,2025,89.0025575447569,3.612578544000087,3.3000163220199976,0.3125622219800892,2.060714285714288,498.6910714285714,1.0,489.62250000000006,483.2316666666666,501.9835796239584,477.26142037604177,489.62250000000006,1,9,3,10,0.8353832,0.9060035739432192,69936.18974999893
2025-10-15 10:30:00,2025-10-15 15:45:00,1,504.75,511.5,eod,6.75,0.1304875,6.6195125,208514.64375,1.0,2025-10-15,505.0,505.25,504.4,0.0,511.5,511.5,511.5,0.0,1.0,2025,71.32352941176468,1.393902317837501,1.3448724079844936,0.0490299098530073,1.1285714285714334,514.5999999999999,1.0,503.34,499.9641666666667,506.0737269713076,500.6062730286925,503.34,1,10,2,10,0.7628315,0.8993742458521871,208514.64375
2025-10-16 09:15:00,2025-10-16 11:30:00,1,516.2,522.5,pivot,6.2999999999999545,0.131161,6.168838999999955,194318.42849999847,1.0,2025-10-16,517.05,517.8,516.05,0.0,522.3,522.9,522.15,0.0,1.0,2025,77.22772277227735,1.6822935266869763,1.1730357911653368,0.5092577355216394,1.3785714285714252,519.1767857142858,1.0,512.595,509.7458333333333,517.0642987788312,508.12570122116887,512.595,1,9,3,10,0.81450623,0.8934019314019312,194318.42849999858
2025-10-17 09:40:00,2025-10-17 12:35:00,1,523.35,529.15,pivot,5.7999999999999545,0.131575,5.668424999999955,178555.3874999986,1.0,2025-10-17,523.55,523.85,522.6,0.0,527.75,529.3,526.65,0.0,1.0,2025,45.31249999999949,0.0408902615690749,0.0395940207682333,0.0012962408008416,1.421428571428578,525.9464285714286,1.0,523.5475,523.2925,525.2465632079812,521.8484367920188,523.5475,1,9,4,10,0.6990778,0.974659867909868,178555.3874999986
2025-10-20 10:25:00,2025-10-20 14:15:00,1,529.05,534.65,pivot,5.600000000000023,0.131911,5.468089000000023,172244.80350000074,1.0,2025-10-20,530.25,530.3,528.85,0.0,534.75,535.05,534.55,0.0,1.0,2025,78.86597938144362,0.719201250378319,0.3471916974234764,0.3720095529548425,1.4821428571428572,534.6410714285714,1.0,527.5899999999999,527.2158333333333,532.7770892350096,522.4029107649902,527.5899999999999,1,10,0,10,0.82931274,0.9200380175380174,172244.80350000074
2025-10-22 13:15:00,2025-10-22 15:45:00,1,538.8,543.35,eod,4.550000000000068,0.1324645,4.417535500000068,139152.36825000215,1.0,2025-10-22,539.15,539.3,538.75,0.0,543.35,543.35,543.35,0.0,1.0,2025,72.0,0.7501528433629119,0.4310939994895107,0.3190588438734011,0.8285714285714302,550.4910714285713,1.0,536.6925,535.3533333333332,539.177460021931,534.207539978069,536.6925,1,13,2,10,0.8135029,0.968827191814034,139152.36825000215
2025-10-24 09:45:00,2025-10-24 11:00:00,1,546.25,548.85,pivot,2.6000000000000227,0.132853,2.467147000000024,77715.13050000073,1.0,2025-10-24,546.6,546.95,546.1,0.0,549.05,549.55,548.55,0.0,1.0,2025,90.322580645161,2.002503410191366,1.5849040520096542,0.4175993581817119,1.9571428571428555,550.4910714285713,1.0,542.2175,540.5866666666667,549.8643276872742,534.5706723127257,542.2175,1,9,4,10,0.81416315,0.8647084107730564,77715.13050000076
2025-10-24 11:00:00,2025-10-24 15:45:00,1,548.85,551.45,eod,2.6000000000000227,0.133009,2.466991000000023,77710.21650000072,1.0,2025-10-24,549.05,549.55,548.55,0.0,551.45,551.45,551.45,0.0,1.0,2025,60.85106382978704,1.469696457871578,1.4276042035881058,0.042092254283472,1.3821428571428425,551.1232142857142,1.0,546.6674999999999,541.5366666666666,549.5373569549575,543.7976430450423,546.6674999999999,1,11,4,10,0.73598146,0.908599817665994,77710.21650000072
2025-10-29 12:45:00,2025-10-29 15:45:00,1,570.15,573.05,eod,2.8999999999999773,0.134296,2.7657039999999773,87119.67599999928,1.0,2025-10-29,570.5,570.7,570.05,0.0,573.05,573.05,573.05,0.0,1.0,2025,56.296296296296354,0.7075840363422685,0.8636235726324178,-0.1560395362901493,0.9571428571428636,553.3482142857142,-1.0,570.0175,566.6383333333334,571.0228933476258,569.0121066523743,570.0175,1,12,2,10,0.7982199,0.959315810823164,87119.67599999928
2025-10-30 10:25:00,2025-10-30 13:10:00,1,572.85,576.8,pivot,3.949999999999932,0.1344895,3.815510499999932,120188.58074999784,1.0,2025-10-30,573.0,573.65,572.3,0.0,575.0,577.65,574.35,0.0,1.0,2025,28.53260869565247,0.2069147393071944,1.431144168457326,-1.2242294291501317,2.471428571428557,553.3482142857142,-1.0,578.76,572.6658333333332,584.5612339879706,572.9587660120294,578.76,1,10,3,10,0.6917471,0.908673187923188,120188.58074999785
2025-11-03 10:15:00,2025-11-03 13:50:00,1,592.5,596.75,pivot,4.25,0.1356775,4.1143225,129601.15875,1.0,2025-11-03,593.0,593.05,592.35,0.0,597.55,597.6,596.75,0.0,1.0,2025,88.88888888888836,2.8334531786561,2.475825669048492,0.3576275096076085,1.260714285714276,553.3482142857142,-1.0,587.835,582.695,595.1408087915523,580.5291912084477,587.835,1,10,0,11,0.79165024,0.9093866966366968,129601.15875
2025-11-03 13:50:00,2025-11-03 15:45:00,1,596.75,598.95,eod,2.200000000000045,0.135871,2.0641290000000456,65020.06350000144,1.0,2025-11-03,597.55,597.6,596.75,0.0,598.95,598.95,598.95,0.0,1.0,2025,44.88636363636309,0.6291267798297895,0.7466801662651087,-0.1175533864353192,1.2178571428571476,553.3482142857142,-1.0,596.765,593.6258333333334,598.9346713293529,594.5953286706471,596.765,1,13,0,11,0.67323005,0.967522271029624,65020.06350000144
2025-11-05 13:15:00,2025-11-05 14:40:00,1,563.1,565.3,pivot,2.199999999999932,0.133852,2.066147999999932,65083.66199999785,1.0,2025-11-05,562.4,564.4,562.3,0.0,563.8,565.8,563.55,0.0,1.0,2025,48.03493449781664,1.6632922798144136,2.07881212000358,-0.4155198401891664,2.857142857142849,540.5517857142858,-1.0,563.87,561.0391666666667,570.6284956278697,557.1115043721303,563.87,1,13,2,11,0.7299762,0.8635509768009768,65083.661999997865
2025-11-06 10:30:00,2025-11-06 11:50:00,1,563.65,571.55,pivot,7.899999999999977,0.134056,7.765943999999977,244627.23599999928,1.0,2025-11-06,567.1,567.9,563.65,0.0,572.7,573.1,571.45,0.0,1.0,2025,43.157894736842174,-0.8307525755286633,0.1528564416929092,-0.9836090172215726,3.25,540.5517857142858,-1.0,570.795,567.1191666666667,580.3678178766302,561.2221821233697,570.795,1,10,3,11,0.8846273,0.9198943001443,244627.23599999928
2025-11-06 11:50:00,2025-11-06 13:30:00,1,571.55,574.5,pivot,2.950000000000045,0.1343815,2.815618500000045,88691.98275000144,1.0,2025-11-06,572.7,573.1,571.45,0.0,573.65,575.3,573.5,0.0,1.0,2025,62.735849056604096,0.7714885068475041,0.3198837574995654,0.4516047493479387,1.9214285714285613,540.5517857142858,-1.0,568.85,568.3625,573.6803862757411,564.019613724259,568.85,1,11,3,11,0.82989746,0.8915002775002775,88691.98275000142
2025-11-10 09:00:00,2025-11-10 09:45:00,1,565.4,568.6,pivot,3.200000000000045,0.13402,3.065980000000045,96578.37000000144,1.0,2025-11-10,564.35,568.35,564.2,0.0,569.0,569.35,566.9,0.0,1.0,2025,72.48322147651008,2.407219986618543,1.7560361358353385,0.6511838507832044,1.7821428571428766,575.8928571428571,1.0,559.7625,556.1008333333334,566.2854049868827,553.2395950131174,559.7625,1,9,0,11,0.66371477,0.830582584082584,96578.37000000142
2025-11-13 13:55:00,2025-11-13 15:45:00,1,589.85,592.0,eod,2.1499999999999773,0.1354555,2.0145444999999773,63458.15174999928,1.0,2025-11-13,590.0,590.35,589.65,0.0,592.0,593.0,591.8,0.0,1.0,2025,73.80952380952398,0.8471743068653268,0.5765558841767198,0.270618422688607,0.8785714285714253,592.0214285714285,1.0,588.1125,587.3225,590.7362528353142,585.4887471646857,588.1125,1,13,3,11,0.8653527,0.8679082741304104,63458.151749999284
2025-12-02 09:25:00,2025-12-02 15:45:00,1,561.25,565.45,eod,4.2000000000000455,0.133801,4.066199000000045,128085.26850000145,1.0,2025-12-02,562.25,562.25,561.1,0.0,565.45,565.45,565.45,0.0,1.0,2025,84.29752066115645,1.9895137806386167,1.2516434706787374,0.73787030995988,1.7214285714285649,546.3464285714285,-1.0,556.57,555.1633333333333,563.3289628599221,549.811037140078,556.57,1,9,1,12,0.6749827,0.9323933843933844,128085.26850000143
2025-12-03 10:00:00,2025-12-03 12:45:00,1,570.45,573.85,pivot,3.3999999999999773,0.134329,3.265670999999977,102868.63649999928,1.0,2025-12-03,571.55,571.75,570.3,0.0,574.4,574.5,573.65,0.0,1.0,2025,60.384615384615216,1.3249632431038665,0.837783644759277,0.4871795983445892,1.942857142857138,546.3464285714285,-1.0,567.605,566.0533333333333,571.7969597219014,563.4130402780986,567.605,1,10,2,12,0.87360346,0.9125396825396824,102868.63649999928
2025-12-05 09:15:00,2025-12-05 13:00:00,1,568.15,576.75,pivot,8.600000000000023,0.134347,8.465653000000023,266668.06950000074,1.0,2025-12-05,566.75,568.55,566.65,0.0,577.1,577.3,576.6,0.0,1.0,2025,41.59999999999998,0.1340625519457035,0.3772488579860735,-0.24318630604037,1.5035714285714252,546.3464285714285,-1.0,568.385,566.7266666666667,571.1693736883443,565.6006263116557,568.385,1,9,4,12,0.74348927,0.9845584415584416,266668.06950000074
2025-12-05 13:00:00,2025-12-05 15:45:00,1,576.75,580.4,eod,3.649999999999977,0.1347145,3.5152854999999774,110731.49324999929,1.0,2025-12-05,577.1,577.3,576.6,0.0,580.4,580.4,580.4,0.0,1.0,2025,78.48101265822916,0.903953883203144,0.8619444686786195,0.0420094145245244,0.6214285714285828,546.3464285714285,-1.0,575.4799999999999,572.6991666666668,577.1239362244082,573.8360637755916,575.4799999999999,1,13,4,12,0.79224616,0.9504459298871064,110731.49324999929
2025-12-08 11:50:00,2025-12-08 15:45:00,1,583.25,588.7,eod,5.4500000000000455,0.1351585,5.314841500000045,167417.50725000142,1.0,2025-12-08,582.85,583.25,582.75,0.0,588.7,588.7,588.7,0.0,1.0,2025,60.0,0.6462152034816881,0.4419776409311898,0.2042375625504983,0.8357142857142971,546.3464285714285,-1.0,581.365,580.2858333333334,583.3666046179585,579.3633953820415,581.365,1,11,0,12,0.6538698,0.9334917027417028,167417.50725000142
2025-12-17 11:25:00,2025-12-17 14:45:00,1,566.65,570.0,pivot,3.3500000000000227,0.1340995,3.2159005000000227,101300.86575000072,1.0,2025-12-17,567.9,567.9,566.55,0.0,570.45,570.6,569.75,0.0,1.0,2025,55.61224489795914,0.6060110006502555,0.6299683249526091,-0.0239573243023536,1.296428571428586,561.1767857142858,-1.0,566.775,565.3516666666667,568.8682221434198,564.6817778565802,566.775,1,11,2,12,0.7320965,0.9219770237932003,101300.86575000071
2025-12-17 14:45:00,2025-12-17 15:45:00,1,570.0,573.7,eod,3.7000000000000455,0.134311,3.5656890000000456,112319.20350000144,1.0,2025-12-17,570.45,570.6,569.75,0.0,573.7,573.7,573.7,0.0,1.0,2025,68.66666666666684,0.2644280589236132,-0.0449952091524624,0.3094232680760757,0.9678571428571476,561.1767857142858,-1.0,568.04,567.69,570.7333837052619,565.346616294738,568.04,1,14,2,12,0.8092594,0.9609759823509824,112319.20350000144
2025-12-19 12:40:00,2025-12-19 14:30:00,1,570.2,572.7,pivot,2.5,0.134287,2.365713,74519.9595,1.0,2025-12-19,571.0,571.2,569.85,0.0,572.25,572.75,572.0,0.0,1.0,2025,61.046511627906526,0.4442168038659702,0.3054250174704411,0.138791786395529,1.2178571428571314,560.8517857142856,-1.0,569.8225,569.255,571.3547755676731,568.2902244323269,569.8225,1,12,4,12,0.81885254,0.9438130203130202,74519.9595
2025-12-29 12:00:00,2025-12-29 15:45:00,1,603.05,605.35,eod,2.300000000000068,0.136252,2.1637480000000684,68158.06200000216,1.0,2025-12-29,603.1,603.15,602.85,0.0,605.35,605.35,605.35,0.0,1.0,2025,45.833333333333336,0.8264747395027143,1.0082703638752193,-0.1817956243725049,0.807142857142862,560.8517857142856,-1.0,602.8824999999999,597.8966666666666,604.6363754062149,601.1286245937849,602.8824999999999,1,12,0,12,0.6128824,0.9312590726267196,68158.06200000216
2025-12-30 09:15:00,2025-12-30 13:40:00,1,606.55,609.4,pivot,2.8500000000000227,0.1364785,2.713521500000023,85475.92725000072,1.0,2025-12-30,606.6,607.2,605.95,0.0,609.0,609.5,608.9,0.0,1.0,2025,66.44736842105235,0.3671437378808377,0.2145240130178509,0.1526197248629868,1.2607142857143083,560.8517857142856,-1.0,604.8625,604.3716666666667,607.0548011206542,602.6701988793457,604.8625,1,9,1,12,0.71782786,0.9921282051282052,85475.92725000072
2026-01-02 12:10:00,2026-01-02 15:45:00,1,619.1,625.65,eod,6.5499999999999545,0.1373425,6.412657499999955,201998.71124999857,1.0,2026-01-02,619.75,619.85,619.0,0.0,625.65,625.65,625.65,0.0,0.0,2026,67.0886075949368,2.2020649658546745,2.173235410049452,0.0288295558052227,0.9714285714285812,620.8821428571429,1.0,616.6175000000001,,619.74265683817,613.4923431618301,616.6175000000001,1,12,4,1,0.91990405,0.921388698719581,201998.71124999857
2026-01-05 10:15:00,2026-01-05 15:45:00,1,639.45,649.2,eod,9.75,0.1386595,9.6113405,302757.22575000004,1.0,2026-01-05,639.6,640.3,638.8,0.0,649.2,649.2,649.2,0.0,1.0,2026,42.3487544483987,2.9709054008429803,3.7352204904940094,-0.7643150896510291,2.392857142857151,648.0196428571429,1.0,639.8675,628.1991666666667,647.6444751256681,632.0905248743318,639.8675,1,10,0,1,0.8148939,0.8755574699526107,302757.22575000004
2026-01-06 12:10:00,2026-01-06 13:40:00,1,650.1,654.95,pivot,4.850000000000023,0.1391515,4.710848500000023,148391.72775000072,1.0,2026-01-06,649.9,650.35,649.65,0.0,656.55,656.7,654.1,0.0,1.0,2026,64.81481481481505,1.2179158777247494,0.8429136090020521,0.3750022687226972,1.0607142857143117,651.8482142857142,1.0,647.3675000000001,646.2158333333333,650.4382919431089,644.2967080568912,647.3675000000001,1,12,1,1,0.8794547,0.9277229437229436,148391.72775000072
2026-01-06 13:40:00,2026-01-06 15:15:00,1,654.95,659.8,pivot,4.849999999999909,0.1394425,4.710557499999909,148382.56124999712,1.0,2026-01-06,656.55,656.7,654.1,0.0,659.5,659.9,658.95,0.0,1.0,2026,88.15165876777246,1.8696495102184367,1.259044109724521,0.6106054004939161,1.303571428571453,657.3553571428573,1.0,650.365,646.7983333333334,655.0765870608036,645.6534129391964,650.365,1,13,1,1,0.8449031,0.932453812527342,148382.56124999712
2026-01-07 10:25:00,2026-01-07 11:15:00,1,666.75,669.75,pivot,3.0,0.140095,2.859905,90087.0075,1.0,2026-01-07,667.8,668.9,666.65,0.0,670.45,670.65,669.55,0.0,1.0,2026,37.53424657534235,1.4567588300388934,1.8937788537632607,-0.4370200237243673,2.778571428571443,677.7571428571428,1.0,668.4100000000001,659.9308333333333,674.4203945049485,662.3996054950517,668.4100000000001,1,10,2,1,0.8010674,0.9195012797659858,90087.00749999999
2026-01-07 11:15:00,2026-01-07 13:15:00,1,669.75,657.5,eod,-12.25,0.1398175,-12.3898175,-390279.25125,1.0,2026-01-07,670.45,670.65,669.55,0.0,657.5,659.4,657.45,0.0,1.0,2026,60.19417475728167,1.2058399366812864,1.1746734395397254,0.031166497141561,1.9357142857142955,677.7571428571428,1.0,667.595,663.0641666666667,670.6676124663352,664.5223875336649,667.595,0,11,2,1,0.70421416,0.8963988603415847,-390279.25125
2026-01-15 11:30:00,2026-01-15 14:10:00,1,687.8,693.7,pivot,5.900000000000091,0.141445,5.758555000000091,181394.4825000029,1.0,2026-01-15,687.8,688.3,687.55,0.0,694.1,694.25,693.25,0.0,1.0,2026,40.314136125654166,0.2404374614586686,0.4589555265637999,-0.2185180651051312,1.4857142857142824,693.9642857142857,1.0,688.785,686.4825,691.529966685562,686.0400333144379,688.785,1,11,3,1,0.641304,0.9618185703185702,181394.48250000286
2026-01-15 14:10:00,2026-01-15 15:45:00,1,693.7,698.0,eod,4.2999999999999545,0.141751,4.158248999999954,130984.84349999856,1.0,2026-01-15,694.1,694.25,693.25,0.0,698.0,698.0,698.0,0.0,1.0,2026,82.24852071006013,1.1927347635734122,0.7771956931096937,0.4155390704637185,0.942857142857138,695.1642857142857,1.0,690.2,689.14,693.8788155988152,686.5211844011849,690.2,1,14,3,1,0.8872913,0.9344116628985052,130984.84349999856
2026-01-21 13:40:00,2026-01-21 15:45:00,1,712.55,715.45,eod,2.900000000000091,0.14284,2.757160000000091,86850.54000000286,1.0,2026-01-21,712.1,712.75,712.0,0.0,715.45,715.45,715.45,0.0,1.0,2026,51.48936170212777,0.4272187408020045,0.0877639944987602,0.3394547463032442,1.617857142857125,719.3017857142858,1.0,710.345,709.3458333333333,713.538892197248,707.1511078027521,710.345,1,13,2,1,0.7520964,0.9567575759723592,86850.54000000286
2026-01-27 11:20:00,2026-01-27 15:45:00,1,734.05,744.2,eod,10.150000000000093,0.1443475,10.00565250000009,315178.0537500029,1.0,2026-01-27,735.55,735.65,733.9,0.0,744.2,744.2,744.2,0.0,1.0,2026,89.05472636815892,2.983429142777254,2.8106345122724443,0.1727946305048098,1.2357142857142986,710.5392857142856,-1.0,731.0125,724.22,736.1893589337348,725.8356410662653,731.0125,1,11,1,1,0.83720505,0.9412694968430262,315178.0537500029
2026-01-28 12:35:00,2026-01-28 15:45:00,1,753.6,760.5,eod,6.899999999999977,0.145423,6.754576999999977,212769.17549999928,1.0,2026-01-28,754.1,755.0,753.3,0.0,760.5,760.5,760.5,0.0,1.0,2026,41.87725631768961,-0.5697950172857418,-0.2870599226500844,-0.2827350946356574,1.9321428571428536,710.5392857142856,-1.0,755.505,753.8508333333334,760.2180166893336,750.7919833106664,755.505,1,12,2,1,0.77406764,0.937551837051837,212769.17549999928
2026-01-29 09:45:00,2026-01-29 12:35:00,1,757.9,767.65,pivot,9.75,0.1457665,9.6042335,302533.35525,1.0,2026-01-29,755.75,758.95,755.45,0.0,766.95,768.7,766.7,0.0,1.0,2026,43.4586466165413,-0.239643154569876,1.2759861821291634,-1.5156293366990394,4.453571428571446,710.5392857142856,-1.0,763.0875,758.5958333333333,774.1735687825121,752.0014312174878,763.0875,1,9,3,1,0.75865036,0.894094611528822,302533.35524999996
2026-01-30 09:15:00,2026-01-30 12:05:00,1,770.25,774.5,pivot,4.25,0.1463425,4.1036575,129265.21125,1.0,2026-01-30,771.15,773.2,769.7,0.0,775.35,775.9,773.7,0.0,1.0,2026,61.624649859943744,0.9299389969696676,0.5317080775182969,0.3982309194513708,2.4178571428571525,775.0767857142857,1.0,767.075,764.4166666666666,772.0880881330196,762.0619118669805,767.075,1,9,4,1,0.62054574,0.8825033212401634,129265.21125
2026-02-03 11:35:00,2026-02-03 15:25:00,1,762.15,779.85,pivot,17.700000000000045,0.14626,17.553740000000044,552942.8100000013,1.0,2026-02-03,760.6,762.5,760.2,0.0,780.4,780.4,779.65,0.0,1.0,2026,31.782945736434343,2.460006284675842,3.532739653392687,-1.072733368716845,2.1535714285714107,787.6,1.0,762.4649999999999,747.5200000000001,766.1673605554079,758.762639444592,762.4649999999999,1,11,1,2,0.65957,0.8693502918649978,552942.8100000013
2026-02-04 12:25:00,2026-02-04 13:45:00,1,784.05,786.95,pivot,2.900000000000091,0.14713,2.752870000000091,86715.40500000287,1.0,2026-02-04,784.85,785.3,783.9,0.0,786.8,787.75,786.55,0.0,1.0,2026,48.72979214780611,0.5673606161312819,0.7676758676433715,-0.2003152515120896,2.535714285714294,763.3017857142858,-1.0,783.9325,780.0841666666668,788.3612666095147,779.5037333904853,783.9325,1,12,2,2,0.6842945,0.8615803518377048,86715.40500000287
2026-02-04 13:45:00,2026-02-04 15:45:00,1,786.95,790.35,eod,3.3999999999999773,0.147319,3.2526809999999773,102459.45149999928,1.0,2026-02-04,786.8,787.75,786.55,0.0,790.35,790.35,790.35,0.0,1.0,2026,49.46236559139754,0.883042147117294,0.6896583023369903,0.1933838447803036,2.0107142857142923,763.3017857142858,-1.0,784.71,782.2616666666667,787.9532277615222,781.4667722384779,784.71,1,13,2,2,0.77200025,0.8769115312791782,102459.45149999928
2026-02-06 14:30:00,2026-02-06 15:45:00,1,738.0,748.6,eod,10.600000000000025,0.144598,10.455402000000024,329345.1630000007,1.0,2026-02-06,741.95,743.25,737.5,0.0,748.6,748.6,748.6,0.0,1.0,2026,49.53617810760667,-1.3341425190542395,-1.5211811230494885,0.1870386039952487,3.749999999999992,710.5571428571429,-1.0,739.855,739.7299999999999,747.9267766907954,731.7832233092047,739.855,1,14,4,2,0.8723702,0.9317472388722388,329345.16300000076
2026-02-12 14:30:00,2026-02-12 15:45:00,1,813.65,816.7,eod,3.050000000000068,0.1489105,2.9010895000000683,91384.31925000215,1.0,2026-02-12,813.35,814.05,812.45,0.0,816.7,816.7,816.7,0.0,1.0,2026,51.55038759689912,0.3023870602107763,0.1361842719153063,0.1662027882954699,1.5928571428571396,710.5571428571429,-1.0,812.105,811.4908333333334,814.8165542245214,809.3934457754787,812.105,1,14,3,2,0.8676435,0.9605773809523808,91384.31925000215
2026-02-13 10:30:00,2026-02-13 13:20:00,1,817.65,825.2,pivot,7.550000000000068,0.1492855,7.400714500000068,233122.50675000213,1.0,2026-02-13,819.65,819.75,816.9,0.0,825.1,825.9,824.1,0.0,1.0,2026,51.69712793733676,0.4704486171071949,0.0372376005334258,0.4332110165737691,3.296428571428578,827.0785714285713,1.0,816.275,814.2883333333333,824.1323130533082,808.4176869466918,816.275,1,10,4,2,0.8140092,0.9239775692144112,233122.50675000213
2026-02-19 11:10:00,2026-02-19 14:45:00,1,835.95,839.45,pivot,3.5,0.150262,3.349738,105516.747,1.0,2026-02-19,837.8,837.9,835.95,0.0,840.45,841.05,839.35,0.0,1.0,2026,44.53551912568304,1.3894010698604689,1.7782611422353785,-0.3888600723749096,2.2928571428571445,846.6964285714286,1.0,836.4675,828.5533333333333,841.1110325704788,831.8239674295212,836.4675,1,11,3,2,0.62366575,0.9011368957839546,105516.747
2026-02-20 09:00:00,2026-02-20 10:05:00,1,843.0,848.75,pivot,5.75,0.1507525,5.5992475,176376.29624999998,1.0,2026-02-20,845.65,845.8,840.7,0.0,849.2,850.0,848.45,0.0,1.0,2026,67.68060836501895,1.3879296670572785,0.929534520833893,0.4583951462233855,1.742857142857125,846.6964285714286,1.0,840.5300000000001,838.6141666666666,844.2034323539881,836.8565676460121,840.5300000000001,1,9,4,2,0.6069222,0.8555864968364965,176376.29624999998
2026-02-20 10:05:00,2026-02-20 15:45:00,1,848.75,859.6,eod,10.850000000000025,0.1512505,10.698749500000025,337010.60925000074,1.0,2026-02-20,849.2,850.0,848.45,0.0,859.6,859.6,859.6,0.0,1.0,2026,65.53398058252439,2.226295655190711,1.9182686814502568,0.3080269737404542,2.478571428571408,852.9428571428572,1.0,844.7225000000001,840.2608333333334,850.6558557555903,838.7891442444098,844.7225000000001,1,10,4,2,0.71742755,0.8851062719959778,337010.6092500008
2026-02-24 10:30:00,2026-02-24 15:45:00,1,874.5,887.2,eod,12.700000000000044,0.152851,12.547149000000044,395235.1935000015,1.0,2026-02-24,876.0,876.2,873.7,0.0,887.2,887.2,887.2,0.0,1.0,2026,80.49209138840058,2.704038245916081,1.2278267564528549,1.476211489463226,3.1214285714285745,882.4071428571428,1.0,865.5024999999999,864.2766666666666,876.6988563150032,854.3061436849966,865.5024999999999,1,10,1,2,0.731419,0.9344834471084468,395235.1935000014
2026-02-26 10:25:00,2026-02-26 14:50:00,1,921.9,940.6,pivot,18.700000000000045,0.155875,18.544125000000044,584139.9375000014,1.0,2026-02-26,918.2,922.55,918.1,0.0,938.25,940.9,938.1,0.0,1.0,2026,42.1465968586387,3.264226421643229,4.220057338700221,-0.955830917056992,4.299999999999987,935.6910714285716,1.0,922.315,912.4433333333334,932.7037135110928,911.926286488907,922.315,1,10,3,2,0.909101,0.9458296703296702,584139.9375000014
2026-02-26 14:50:00,2026-02-26 15:45:00,1,940.6,946.85,eod,6.25,0.1566235,6.0933765,191941.35975,1.0,2026-02-26,938.25,940.9,938.1,0.0,946.85,946.85,946.85,0.0,1.0,2026,66.19385342789604,2.604136521470423,1.8695484261606348,0.7345880953097881,2.2749999999999773,942.9821428571428,1.0,932.4875,928.7333333333332,939.8145138237408,925.1604861762592,932.4875,1,14,3,2,0.8073741,0.9115330919080916,191941.35975
2026-02-27 10:05:00,2026-02-27 14:30:00,1,924.75,949.55,pivot,24.799999999999955,0.156229,24.643770999999955,776278.7864999985,1.0,2026-02-27,921.8,927.65,921.65,0.0,951.85,951.9,949.5,0.0,1.0,2026,45.87570621468917,-2.877154541720529,-1.4330304467335455,-1.4441240949869831,5.674999999999995,950.3,1.0,933.54,933.3783333333332,948.4476666957006,918.6323333042992,933.54,1,10,4,2,0.9517258,0.9384792429792428,776278.7864999985
2026-03-05 11:50:00,2026-03-05 14:45:00,1,841.35,844.6,pivot,3.25,0.1505785,3.0994215,97631.77725,1.0,2026-03-05,835.9,842.7,835.1,0.0,847.7,847.7,843.15,0.0,1.0,2026,54.58468176914775,2.7837785572230587,3.9101137994450426,-1.126335242221984,6.564285714285712,815.7946428571429,-1.0,837.0725,812.2741666666666,848.4317288005541,825.7132711994459,837.0725,1,11,3,3,0.6241164,0.8472327394827395,97631.77725
2026-03-06 13:30:00,2026-03-06 15:45:00,1,815.75,827.65,eod,11.899999999999975,0.149302,11.750697999999977,370146.98699999927,1.0,2026-03-06,819.0,819.35,815.4,0.0,827.65,827.65,827.65,0.0,1.0,2026,59.2190889370932,0.4773546360838736,0.5642618692378308,-0.0869072331539572,3.182142857142854,791.6642857142857,-1.0,818.1274999999999,816.8283333333334,823.4308728092744,812.8241271907254,818.1274999999999,1,13,4,3,0.735606,0.9377738527812056,370146.98699999927
2026-03-11 10:05:00,2026-03-11 12:55:00,1,845.8,852.45,pivot,6.650000000000091,0.1509475,6.499052500000092,204720.15375000288,1.0,2026-03-11,846.1,848.05,845.55,0.0,854.15,854.55,852.3,0.0,1.0,2026,52.40893066980035,5.11692456864364,5.604422827469187,-0.4874982588255472,4.989285714285724,802.0678571428572,-1.0,840.99,824.9825,856.5167036524749,825.4632963475251,840.99,1,10,2,3,0.8170011,0.852467756100109,204720.15375000288
2026-03-16 11:05:00,2026-03-16 13:35:00,1,816.4,824.05,pivot,7.649999999999977,0.1492135,7.500786499999977,236274.77474999928,1.0,2026-03-16,816.1,816.85,814.65,0.0,823.6,824.65,823.1,0.0,1.0,2026,33.66834170854278,-0.3604543515135674,-0.0810836727225814,-0.279370678790986,3.067857142857146,790.9892857142856,-1.0,817.9475,814.7241666666666,824.8224334922334,811.0725665077666,817.9475,1,11,0,3,0.8303734,0.9422359584859584,236274.77474999928
2026-03-18 11:50:00,2026-03-18 15:45:00,1,878.55,890.7,eod,12.150000000000093,0.1530775,11.99692250000009,377903.0587500029,1.0,2026-03-18,876.45,878.8,876.2,0.0,890.7,890.7,890.7,0.0,1.0,2026,43.589743589743655,2.110271987309829,2.677381262339825,-0.5671092750299955,1.8607142857142744,790.9892857142856,-1.0,876.4,864.8866666666668,878.7443100200446,874.0556899799553,876.4,1,11,2,3,0.6723877,0.8818150476974005,377903.0587500029
2026-03-24 11:15:00,2026-03-24 14:05:00,1,807.5,821.05,pivot,13.549999999999956,0.1488565,13.401143499999954,422136.02024999855,1.0,2026-03-24,812.3,812.5,807.5,0.0,819.7,822.95,819.5,0.0,1.0,2026,41.26344086021506,-3.217487098281368,-2.33539356618886,-0.8820935320925076,4.88928571428571,790.9892857142856,-1.0,815.715,815.1166666666667,828.592606021233,802.8373939787671,815.715,1,11,1,3,0.85040545,0.900850788100788,422136.02024999855
2026-03-24 14:50:00,2026-03-24 15:45:00,1,827.45,830.75,eod,3.2999999999999545,0.149746,3.1502539999999546,99233.00099999856,1.0,2026-03-24,828.15,828.65,826.0,0.0,830.75,830.75,830.75,0.0,1.0,2026,56.02739726027396,0.902373452517736,0.6212708132783928,0.2811026392393432,4.571428571428571,790.9892857142856,-1.0,824.2149999999999,820.2983333333334,829.6697034263824,818.7602965736174,824.2149999999999,1,14,1,3,0.7915622,0.847890802008449,99233.00099999856
2026-03-27 13:55:00,2026-03-27 15:35:00,1,801.0,806.55,pivot,5.5499999999999545,0.1482265,5.401773499999955,170155.86524999858,1.0,2026-03-27,804.95,804.95,800.95,0.0,806.35,806.7,806.2,258.0,1.0,2026,79.41176470588248,3.921877754592856,3.266742178121265,0.6551355764715909,2.853571428571432,765.7928571428572,-1.0,796.0625,787.7633333333332,807.1921131769776,784.9328868230224,796.0625,1,13,4,3,0.72753876,0.8378865440115439,170155.86524999858
2026-04-03 12:05:00,2026-04-03 14:55:00,1,797.05,803.9,pivot,6.850000000000023,0.1480285,6.701971500000023,211112.10225000072,1.0,2026-04-03,797.2,797.75,796.7,0.0,804.2,804.4,803.1,0.0,1.0,2026,50.0,-0.3870458224582762,-0.1155534830359915,-0.2714923394222847,2.5535714285714204,740.9446428571429,-1.0,797.4725,791.9133333333334,802.7056408497738,792.2393591502262,797.4725,1,12,4,4,0.8250844,0.9435855672105672,211112.10225000072
2026-04-06 09:00:00,2026-04-06 09:55:00,1,809.2,815.5,pivot,6.2999999999999545,0.148741,6.151258999999954,193764.65849999856,1.0,2026-04-06,818.15,818.25,807.65,0.0,817.55,818.25,814.85,0.0,1.0,2026,76.00732600732626,2.331109316319612,1.0245004061481575,1.3066089101714544,2.6678571428571525,816.9517857142857,1.0,804.33,801.2208333333333,812.7627931313295,795.8972068686705,804.33,1,9,0,4,0.63788503,0.8748403924506865,193764.65849999856
2026-04-08 10:05:00,2026-04-08 12:25:00,1,871.6,881.95,pivot,10.350000000000025,0.1526065,10.197393500000024,321217.8952500008,1.0,2026-04-08,875.35,876.65,871.35,0.0,881.4,882.05,880.75,0.0,1.0,2026,35.9375,10.962697719318726,12.712717861143116,-1.7500201418243917,4.164285714285711,892.0660714285715,1.0,868.71,835.1483333333332,908.0503984139136,829.3696015860863,868.71,1,10,2,4,0.9372583,0.9313757925081456,321217.89525000076
2026-04-08 12:25:00,2026-04-08 15:10:00,1,881.95,888.8,pivot,6.849999999999909,0.1531225,6.696877499999909,210951.6412499972,1.0,2026-04-08,881.4,882.05,880.75,0.0,888.65,889.5,887.85,0.0,1.0,2026,58.558558558558616,2.9105858053209204,3.49499074371803,-0.5844049383971095,1.614285714285716,892.0660714285715,1.0,879.76,864.0216666666668,883.1955111467394,876.3244888532606,879.76,1,12,2,4,0.7686549,0.9152576883900412,210951.64124999713
2026-04-16 10:15:00,2026-04-16 15:45:00,1,936.15,943.8,eod,7.649999999999977,0.1563985,7.493601499999977,236048.4472499993,1.0,2026-04-16,938.25,938.35,936.1,0.0,943.8,943.8,943.8,0.0,1.0,2026,70.63291139240489,2.727059360429508,2.030764980486629,0.6962943799428785,2.5535714285714284,943.7232142857144,1.0,931.49,928.8958333333334,939.2427991548304,923.7372008451696,931.49,1,10,3,4,0.8740608,0.9290527944277944,236048.4472499993
2026-04-20 09:40:00,2026-04-20 14:20:00,1,937.15,944.55,eod,7.399999999999977,0.156451,7.243548999999978,228171.7934999993,1.0,2026-04-20,938.25,938.7,937.05,0.0,944.55,945.25,944.1,0.0,1.0,2026,57.39299610894938,0.5124494707000622,0.4044931703840139,0.1079563003160483,3.07142857142858,947.4107142857144,1.0,937.3175,936.28,941.7257786948016,932.9092213051982,937.3175,1,9,0,4,0.8132255,0.9502400654900656,228171.7934999993
2026-04-21 11:35:00,2026-04-21 15:45:00,1,960.2,965.1,eod,4.899999999999977,0.157759,4.742240999999977,149380.59149999928,1.0,2026-04-21,960.2,960.25,959.05,0.0,965.1,965.1,965.1,0.0,1.0,2026,46.268656716418,1.2961937178669132,1.4124861247957023,-0.1162924069287891,1.992857142857149,966.1107142857144,1.0,959.1225,951.8683333333336,963.799484520962,954.445515479038,959.1225,1,11,1,4,0.61118287,0.9203282020267316,149380.59149999928
2026-04-22 09:15:00,2026-04-22 13:20:00,1,963.4,962.2,pivot,-1.1999999999999318,0.157768,-1.3577679999999317,-42769.69199999785,1.0,2026-04-22,962.3,964.7,962.15,0.0,962.45,962.65,961.75,0.0,1.0,2026,41.36807817589554,0.1046177906951015,0.3491614977657311,-0.2445437070706295,2.264285714285726,968.4285714285714,1.0,964.18,962.6383333333334,966.2598279278347,962.1001720721652,964.18,0,9,2,4,0.73361933,0.987012654012654,-42769.69199999785
2026-04-22 13:20:00,2026-04-22 15:45:00,1,962.2,967.65,eod,5.449999999999932,0.1578955,5.292104499999931,166701.29174999785,1.0,2026-04-22,962.45,962.65,961.75,0.0,967.65,967.65,967.65,0.0,1.0,2026,60.21505376344141,0.5269683063677348,0.514148861688154,0.0128194446795808,1.5749999999999886,969.6857142857144,1.0,962.0825,961.465,963.6098902747776,960.555109725222,962.0825,1,13,2,4,0.69547695,0.9591596510214933,166701.29174999785
2026-04-24 10:05:00,2026-04-24 15:05:00,1,973.75,976.4,pivot,2.6499999999999773,0.1585045,2.491495499999977,78482.10824999929,1.0,2026-04-24,974.4,975.25,973.25,0.0,975.25,976.45,975.1,0.0,1.0,2026,38.94582723279638,0.0661468032710672,0.689423841281737,-0.6232770380106697,4.160714285714286,968.0089285714286,-1.0,977.4575,971.1741666666668,982.7789832715814,972.1360167284188,977.4575,1,10,4,4,0.8437981,0.9676968864468865,78482.10824999928
2026-05-06 09:50:00,2026-05-06 11:05:00,1,1118.9,1125.8,pivot,6.899999999999864,0.167341,6.732658999999863,212078.7584999957,1.0,2026-05-06,1121.45,1122.9,1118.9,0.0,1124.7,1126.7,1122.9,0.0,1.0,2026,80.6479481641467,17.457530387298448,16.964668338451915,0.4928620488465327,11.585714285714303,962.3392857142856,-1.0,1096.05,1062.6075,1158.2498899982245,1033.8501100017754,1096.05,1,9,2,5,0.75018317,0.918475161534372,212078.7584999957
2026-05-06 11:05:00,2026-05-06 12:25:00,1,1125.8,1133.5,pivot,7.700000000000045,0.167779,7.532221000000045,237264.96150000143,1.0,2026-05-06,1124.7,1126.7,1122.9,0.0,1134.15,1134.5,1133.3,0.0,1.0,2026,54.38202247191026,9.07087383741441,10.81386473525544,-1.742990897841031,3.4749999999999903,962.3392857142856,-1.0,1121.08,1082.236666666667,1128.1537766286392,1114.0062233713606,1121.08,1,11,2,5,0.87317735,0.9585370462870464,237264.96150000143
2026-05-06 12:25:00,2026-05-06 13:40:00,1,1133.5,1136.25,pivot,2.75,0.1680925,2.5819075,81330.08625,1.0,2026-05-06,1134.15,1134.5,1133.3,0.0,1135.85,1136.9,1134.8,0.0,1.0,2026,69.49602122015938,5.337704585430174,5.695023931140869,-0.3573193457106951,2.464285714285698,962.3392857142856,-1.0,1127.9975,1104.15,1134.82665383542,1121.1683461645798,1127.9975,1,12,2,5,0.61589724,0.9581507936507936,81330.08625
2026-05-07 09:30:00,2026-05-07 12:30:00,1,1122.0,1133.8,pivot,11.799999999999956,0.167674,11.632325999999956,366418.2689999986,1.0,2026-05-07,1130.25,1131.0,1113.2,0.0,1137.45,1137.8,1133.55,0.0,1.0,2026,50.81466395112012,-0.9110632651349988,1.0334242572029029,-1.9444875223379008,11.017857142857158,962.3392857142856,-1.0,1136.4625,1134.0883333333334,1157.7269966033118,1115.1980033966884,1136.4625,1,9,3,5,0.8513558,0.9502154318849366,366418.26899999863
2026-05-07 12:30:00,2026-05-07 14:15:00,1,1133.8,1145.2,pivot,11.400000000000093,0.16837,11.231630000000091,353796.3450000029,1.0,2026-05-07,1137.45,1137.8,1133.55,0.0,1145.8,1148.8,1144.9,0.0,1.0,2026,56.07196401799083,0.4547264057903248,0.161616207979555,0.2931101978107698,3.832142857142864,962.3392857142856,-1.0,1133.0925,1132.3125,1140.5381115653224,1125.6468884346775,1133.0925,1,12,3,5,0.7393546,0.9656859668109666,353796.3450000029
2026-05-08 08:55:00,2026-05-08 15:45:00,1,1128.4,1153.25,eod,24.84999999999991,0.1684495,24.681550499999908,777468.8407499971,1.0,2026-05-08,1123.4,1128.65,1122.75,0.0,1153.25,1153.25,1153.25,0.0,1.0,2026,20.293847566575067,-1.5133178589014733,2.170295531665232,-3.6836133905667054,5.439285714285753,962.3392857142856,-1.0,1148.41,1139.3,1167.6944251310374,1129.1255748689628,1148.41,1,8,4,5,0.75038123,0.9542624991967096,777468.8407499971
2026-05-11 11:45:00,2026-05-11 14:55:00,1,1211.95,1217.1,pivot,5.149999999999864,0.1728715,4.977128499999863,156779.5477499957,1.0,2026-05-11,1209.1,1212.8,1207.5,0.0,1215.45,1218.05,1214.85,0.0,1.0,2026,33.26885880077376,3.2263255151381145,5.50075566303247,-2.274430147894355,4.032142857142828,962.3392857142856,-1.0,1215.0625,1189.2275,1221.6283506486593,1208.4966493513407,1215.0625,1,11,0,5,0.89002913,0.9645608835608837,156779.5477499957
2026-05-13 11:40:00,2026-05-13 13:15:00,1,1204.75,1214.2,pivot,9.450000000000044,0.1725685,9.277431500000043,292239.09225000144,1.0,2026-05-13,1208.85,1209.25,1204.6,0.0,1214.9,1214.9,1211.2,0.0,1.0,2026,64.61232604373747,8.186712807554386,7.677260613930664,0.509452193623722,5.975000000000007,962.3392857142856,-1.0,1196.9825,1179.6833333333334,1213.836338388468,1180.1286616115322,1196.9825,1,11,2,5,0.7660631,0.9481121517371516,292239.0922500014
2026-05-13 13:15:00,2026-05-13 14:25:00,1,1214.2,1217.25,pivot,3.0499999999999545,0.1729435,2.8770564999999544,90627.27974999856,1.0,2026-05-13,1214.9,1214.9,1211.2,0.0,1212.65,1217.95,1212.5,0.0,1.0,2026,81.81818181818215,5.252848167050615,5.2299052996251545,0.0229428674254608,3.085714285714289,962.3392857142856,-1.0,1207.6825,1188.8166666666666,1216.7191665374478,1198.645833462552,1207.6825,1,13,2,5,0.8002305,0.9523355957767724,90627.27974999856
2026-05-13 14:25:00,2026-05-13 15:45:00,1,1217.25,1222.25,eod,5.0,0.173185,4.826815,152044.6725,1.0,2026-05-13,1212.65,1217.95,1212.5,0.0,1222.25,1222.25,1222.25,0.0,1.0,2026,44.89795918367341,2.962356897235168,3.793062094895666,-0.8307051976604982,3.989285714285757,962.3392857142856,-1.0,1214.9125,1200.375,1219.372954898177,1210.4520451018227,1214.9125,1,14,2,5,0.7730608,0.978376984126984,152044.6725
2026-05-14 12:20:00,2026-05-14 15:45:00,1,1228.75,1245.5,eod,16.75,0.1742275,16.5757725,522136.83375,1.0,2026-05-14,1230.25,1232.7,1228.65,0.0,1245.5,1245.5,1245.5,0.0,1.0,2026,43.471337579618,-1.435878251444592,-1.0517272960596384,-0.3841509553849536,4.432142857142854,962.3392857142856,-1.0,1232.3725,1231.0275,1240.0888855053718,1224.656114494628,1232.3725,1,12,3,5,0.8617349,0.9598415195915196,522136.83375
2026-05-18 14:20:00,2026-05-18 15:00:00,1,1163.0,1175.05,eod,12.049999999999956,0.1701415,11.879858499999957,374215.54274999857,1.0,2026-05-18,1169.95,1170.45,1162.9,0.0,1175.05,1177.75,1174.0,0.0,1.0,2026,35.01374885426216,-1.3042479435218866,-0.0617885906390007,-1.2424593528828858,6.496428571428575,962.3392857142856,-1.0,1176.2375,1169.7475,1187.39903521809,1165.0759647819098,1176.2375,1,14,0,5,0.85580975,0.9488083999333996,374215.5427499986
2026-05-20 09:15:00,2026-05-20 15:45:00,1,1113.55,1125.95,eod,12.400000000000093,0.167185,12.232815000000093,385333.6725000029,1.0,2026-05-20,1106.2,1115.7,1105.25,0.0,1125.95,1125.95,1125.95,0.0,1.0,2026,24.173228346456824,-4.290156848486504,-0.4479250517795357,-3.842231796706968,6.949999999999981,962.3392857142856,-1.0,1136.7225,1134.4433333333334,1157.9021942228,1115.5428057772,1136.7225,1,9,2,5,0.68183726,0.947031746031746,385333.6725000029
2026-05-21 09:00:00,2026-05-21 11:40:00,1,1171.55,1214.3,pivot,42.75,0.1715755,42.5784245,1341220.37175,1.0,2026-05-21,1179.8,1181.8,1170.3,0.0,1213.2,1214.75,1212.45,0.0,1.0,2026,88.56209150326798,13.48549105379584,7.421780031446767,6.063711022349073,7.464285714285746,962.3392857142856,-1.0,1132.66,1121.5533333333333,1176.03334374211,1089.2866562578902,1132.66,1,9,3,5,0.61348224,0.9589415168165168,1341220.37175
2026-05-21 11:40:00,2026-05-21 15:05:00,1,1214.3,1224.9,pivot,10.600000000000136,0.173176,10.426824000000137,328444.9560000043,1.0,2026-05-21,1213.2,1214.75,1212.45,0.0,1228.2,1228.5,1224.5,0.0,1.0,2026,63.055062166963005,9.1870170794748,10.352931510922115,-1.1659144314473178,3.625000000000016,962.3392857142856,-1.0,1205.6174999999998,1165.6074999999998,1214.4818149172495,1196.7531850827502,1205.6174999999998,1,11,3,5,0.82573676,0.9589499944499944,328444.9560000043
2026-05-21 15:05:00,2026-05-21 15:45:00,1,1224.9,1228.0,eod,3.099999999999909,0.173587,2.926412999999909,92182.00949999712,1.0,2026-05-21,1228.2,1228.5,1224.5,0.0,1228.0,1228.0,1228.0,0.0,1.0,2026,60.58558558558588,2.4294579304551007,2.671759288369594,-0.2423013579144939,2.9714285714285813,962.3392857142856,-1.0,1223.91,1216.065833333333,1228.0616768970883,1219.7583231029112,1223.91,1,15,3,5,0.6119934,0.9550256410256408,92182.00949999713
2026-05-22 10:25:00,2026-05-22 14:05:00,1,1226.1,1232.0,pivot,5.900000000000091,0.173743,5.726257000000091,180377.09550000288,1.0,2026-05-22,1222.75,1228.3,1222.5,0.0,1231.4,1232.75,1231.25,0.0,1.0,2026,46.32972322503017,-0.577510711226978,-0.0897273558089219,-0.4877833554180559,5.953571428571438,962.3392857142856,-1.0,1227.38,1224.694166666667,1237.9332933250828,1216.826706674917,1227.38,1,10,4,5,0.86807305,0.9829291819291818,180377.09550000288
2026-05-26 10:45:00,2026-05-26 14:25:00,1,1263.15,1268.85,eod,5.699999999999818,0.17596,5.524039999999818,174007.25999999428,1.0,2026-05-26,1269.45,1270.6,1262.95,0.0,1268.85,1269.3,1266.35,0.0,1.0,2026,40.85051546391768,5.236402080825201,7.42215692914542,-2.18575484832022,5.53571428571427,962.3392857142856,-1.0,1269.935,1245.8675,1282.349172715746,1257.5208272842538,1269.935,1,10,1,5,0.77201384,0.962754107004107,174007.25999999428
2026-05-27 10:00:00,2026-05-27 11:30:00,1,1324.35,1339.2,pivot,14.850000000000136,0.1799065,14.670093500000135,462107.9452500043,1.0,2026-05-27,1321.5,1325.2,1320.2,0.0,1339.7,1340.0,1337.35,0.0,1.0,2026,39.85701519213597,12.135231678188577,13.547419848710884,-1.4121881705223096,8.45714285714288,962.3392857142856,-1.0,1315.735,1285.7783333333332,1367.9027466398566,1263.5672533601437,1315.735,1,10,2,5,0.63266164,0.954304612054612,462107.94525000424
2026-05-29 11:50:00,2026-05-29 13:10:00,1,1328.4,1340.3,pivot,11.899999999999864,0.180061,11.719938999999863,369178.0784999957,1.0,2026-05-29,1327.8,1328.8,1326.05,0.0,1338.2,1340.8,1337.4,0.0,1.0,2026,38.338192419824985,2.2623168573002204,3.751264476838816,-1.4889476195385951,4.14642857142852,962.3392857142856,-1.0,1331.1375,1311.9433333333332,1335.9766903418524,1326.2983096581477,1331.1375,1,11,4,5,0.6145587,0.9799377289377288,369178.0784999957
2026-05-29 13:10:00,2026-05-29 15:45:00,1,1340.3,1350.0,eod,9.700000000000044,0.180709,9.519291000000043,299857.66650000145,1.0,2026-05-29,1338.2,1340.8,1337.4,0.0,1350.0,1350.0,1350.0,0.0,1.0,2026,59.05292479108621,2.9561967627437298,2.8022238433501254,0.1539729193936043,3.278571428571435,962.3392857142856,-1.0,1334.6775,1328.5208333333333,1342.6657463002955,1326.6892536997043,1334.6775,1,13,4,5,0.780187,0.9553423104673106,299857.6665000014
2026-06-01 09:15:00,2026-06-01 13:20:00,1,1367.8,1416.65,pivot,48.850000000000136,0.1835335,48.66646650000013,1532993.6947500042,1.0,2026-06-01,1361.8,1368.8,1358.0,0.0,1415.6,1417.1,1415.25,0.0,1.0,2026,69.83783783783774,5.304905644336486,3.405895355067189,1.899010289269297,6.157142857142893,1374.8767857142857,1.0,1349.19,1341.9266666666667,1366.4358873818048,1331.9441126181953,1349.19,1,9,0,6,0.76213527,0.9361937645687646,1532993.6947500042
2026-06-01 14:55:00,2026-06-01 15:15:00,1,1411.95,1416.15,eod,4.2000000000000455,0.184843,4.015157000000046,126477.44550000144,1.0,2026-06-01,1412.15,1414.95,1410.0,0.0,1416.15,1416.65,1414.2,0.0,1.0,2026,43.4163701067616,-0.8817841594714082,-0.5928798837341929,-0.2889042757372153,5.26071428571426,1424.732142857143,1.0,1413.165,1411.51,1425.179031270813,1401.1509687291868,1413.165,1,14,0,6,0.8603493,0.9348741536241536,126477.44550000144
2026-06-02 15:00:00,2026-06-02 15:45:00,1,1406.75,1409.95,eod,3.200000000000045,0.184501,3.015499000000045,94988.21850000144,1.0,2026-06-02,1402.35,1407.6,1401.8,0.0,1409.95,1409.95,1409.95,0.0,1.0,2026,65.85144927536224,7.686140429093484,6.886711961835203,0.7994284672582816,6.617857142857149,1345.6589285714283,-1.0,1395.6725,1384.1408333333334,1421.3570945022368,1369.9879054977634,1395.6725,1,15,1,6,0.7378297,0.9548996697746696,94988.21850000141
2026-06-04 09:15:00,2026-06-04 12:55:00,1,1381.8,1395.3,pivot,13.5,0.183313,13.316687,419475.6405,1.0,2026-06-04,1384.0,1385.5,1372.4,0.0,1398.9,1399.1,1395.0,0.0,1.0,2026,35.57844690966729,-3.891344115559377,-0.097841257975318,-3.793502857584059,8.535714285714269,1345.6589285714283,-1.0,1399.7625,1388.2499999999998,1429.6112392840894,1369.9137607159107,1399.7625,1,9,3,6,0.7357734,0.9701958874458876,419475.6405
2026-06-08 14:20:00,2026-06-08 14:25:00,1,1208.15,1211.0,eod,2.849999999999909,0.1725745,2.677425499999909,84338.90324999714,1.0,2026-06-08,1212.65,1213.2,1207.55,0.0,1211.0,1212.55,1205.85,0.0,1.0,2026,33.33333333333346,-5.544599061929375,-3.869073907326996,-1.6755251546023793,7.139285714285718,1173.053571428571,-1.0,1223.2175,1222.184166666667,1242.339828503121,1204.095171496879,1223.2175,1,14,0,6,0.65240705,0.925314352314352,84338.90324999714
2026-06-09 10:35:00,2026-06-09 12:10:00,1,1231.8,1238.05,pivot,6.25,0.1740955,6.075904500000001,191390.99175,1.0,2026-06-09,1232.85,1233.1,1228.8,0.0,1238.85,1240.75,1237.25,0.0,1.0,2026,49.60288808664247,3.0155108799406207,3.1627856554612235,-0.1472747755206027,9.17500000000002,1168.6928571428573,-1.0,1227.6425,1217.1775,1241.2674876875633,1214.0175123124366,1227.6425,1,10,1,6,0.6914364,0.9327296959576372,191390.99175000002
2026-06-11 11:55:00,2026-06-11 13:10:00,1,1208.05,1225.6,pivot,17.549999999999955,0.1730094999999999,17.376990499999955,547375.2007499986,1.0,2026-06-11,1213.45,1215.1,1207.85,0.0,1224.8,1226.75,1223.45,0.0,1.0,2026,35.874799357945534,-1.726420151392631,-0.8858702693186318,-0.8405498820739992,8.192857142857179,1160.5928571428572,-1.0,1215.8625,1209.8300000000002,1238.0901943192412,1193.6348056807587,1215.8625,1,11,3,6,0.8755449,0.965299062049062,547375.2007499986
2026-06-17 13:00:00,2026-06-17 15:45:00,1,1404.7,1428.85,eod,24.149999999999864,0.1850065,23.964993499999864,754897.2952499957,1.0,2026-06-17,1406.4,1406.45,1404.1,0.0,1428.85,1428.85,1428.85,0.0,1.0,2026,58.46153846153851,1.1298796266273712,0.9000716798611376,0.2298079467662336,3.0892857142857304,1160.5928571428572,-1.0,1402.86,1397.9033333333332,1408.3538817650108,1397.3661182349897,1402.86,1,13,2,6,0.82002056,0.9216412615162614,754897.2952499957
2026-06-18 09:00:00,2026-06-18 09:35:00,1,1428.9,1445.3,pivot,16.399999999999864,0.186226,16.213773999999862,510733.8809999957,1.0,2026-06-18,1441.95,1444.1,1426.65,0.0,1449.85,1450.2,1441.8,0.0,1.0,2026,80.95238095238095,4.278473855154061,4.01044379133489,0.2680300638191717,4.610714285714233,1160.5928571428572,-1.0,1428.2375,1414.9225,1435.9037538030805,1420.5712461969194,1428.2375,1,9,3,6,0.79318494,0.9417824814074816,510733.8809999957
2026-06-18 10:25:00,2026-06-18 11:20:00,1,1441.1,1444.45,pivot,3.3500000000001364,0.1865665,3.1634335000001363,99648.15525000427,1.0,2026-06-18,1439.35,1443.15,1438.15,0.0,1445.4,1446.2,1444.05,0.0,1.0,2026,52.31560891938236,3.622819004648818,4.710189923299901,-1.0873709186510832,7.300000000000035,1160.5928571428572,-1.0,1441.505,1426.184166666667,1454.080828946375,1428.9291710536247,1441.505,1,10,3,6,0.71916956,0.9520476467976468,99648.15525000429
2026-06-18 11:20:00,2026-06-18 14:25:00,1,1444.45,1461.65,pivot,17.200000000000045,0.187183,17.012817000000044,535903.7355000013,1.0,2026-06-18,1445.4,1446.2,1444.05,0.0,1463.05,1463.1,1459.5,0.0,1.0,2026,49.654218533886585,2.013057777276117,2.143231506429931,-0.1301737291538138,4.750000000000016,1160.5928571428572,-1.0,1441.94,1432.690833333333,1450.3601887717336,1433.5198112282665,1441.94,1,11,3,6,0.65412545,0.9389000305250303,535903.7355000013
2026-06-22 11:25:00,2026-06-22 12:35:00,1,1497.1,1501.7,pivot,4.600000000000136,0.189964,4.410036000000137,138916.1340000043,1.0,2026-06-22,1502.25,1503.3,1494.05,1093.0,1502.45,1504.25,1501.5,471.0,1.0,2026,50.05138746145936,5.567186429890626,7.266788005096082,-1.699601575205456,7.653571428571435,1160.5928571428572,-1.0,1501.905,1477.1975,1514.7344029069511,1489.0755970930486,1501.905,1,11,0,6,0.7208468,0.9505092962592964,138916.1340000043
