entry_time,exit_time,direction,entry_px,exit_px,exit_reason,gross_pts,cost_pts,net_pts,net_krw,size_factor,exit_date,entry_close,entry_high,entry_low,entry_volume,exit_close,exit_high,exit_low,exit_volume,year,entry_rsi,entry_macd,entry_macd_signal,entry_macd_hist,entry_atr,entry_supertrend,entry_supertrend_dir,entry_ma5,entry_ma10,entry_ma20,entry_ma60,entry_bb_upper,entry_bb_lower,entry_bb_middle,atr_normalized,volatility_regime,trend_regime,momentum_regime,is_win,entry_hour,entry_dayofweek,entry_month,ret_log_5m_kde_pdf,ret_log_5m_kde_cdf,ret_log_5m_kde_zscore,ret_log_5m_kde_left_tail,ret_log_5m_kde_right_tail,ret_log_5m_kde_median,ret_log_5m_kde_mean,ret_log_5m_kde_std,ret_log_5m_kde_ready,kde_aligned_tail_5m,kde_opposite_tail_5m,kde_aligned_zscore_5m,rsi_oversold,rsi_overbought,macd_bullish,macd_strength,price_above_ma20,price_above_ma60,price_above_ma5,price_above_ma10,bb_position,bb_lower_touch,price_above_st,is_morning,is_afternoon,is_bull,is_neutral,is_bear,kde_tail_spread_5m,kde_zscore_abs_5m,filter_score,entry_score,exit_score
2025-02-28 10:50:00,2025-02-28 13:25:00,-1,337.15,335.9,pivot,1.25,0.1201915,0.9298085000000001,29288.967750000003,1.0,2025-02-28,337.1,337.25,336.95,0.0,335.8,336.0,335.6,0.0,2025,0.0,0.0,0.0,0.0,0.0,0.0,0.0,0.0,0.0,0.0,0.0,0.0,0.0,0.0,0.0,1.0,1.0,1.0,1,10,4,2,153.2567137375982,0.9239042375548264,1.2965708773648463,0.9239042375548264,0.0760957624451735,1.1762666547147013e-05,3.190928356896543e-05,0.0007764662514218,True,0.0760957624451735,0.9239042375548264,1.2965708773648463,1,0,0,0.0,1,1,1,1,,0,1,1,0,1,0,0,-0.847808475109653,1.2965708773648463,0.50995404,0.5087867545378166,0.6018728
2025-03-04 10:30:00,2025-03-04 10:50:00,-1,333.65,333.65,pivot,-0.0,0.120019,-0.320019,-10080.5985,1.0,2025-03-04,333.0,333.9,332.8,0.0,334.1,334.15,333.55,0.0,2025,0.0,0.0,0.0,0.0,0.0,0.0,0.0,0.0,0.0,0.0,0.0,0.0,0.0,0.0,0.0,1.0,1.0,1.0,0,10,1,3,6.271251647157445,0.0037566271440451,-3.795522134086762,0.0037566271440451,0.9962433728559548,1.1554875055237245e-05,2.6629442435870508e-05,0.0007953719661589,True,0.9962433728559548,0.0037566271440451,-3.795522134086762,1,0,0,0.0,1,1,1,1,,0,1,1,0,1,0,0,0.9924867457119096,3.795522134086762,0.50995404,0.5183491920167113,0.6146661
2025-03-04 10:50:00,2025-03-04 11:00:00,-1,333.65,333.05,pivot,0.5999999999999659,0.120001,0.27999899999996586,8819.968499998924,1.0,2025-03-04,334.1,334.15,333.55,0.0,333.3,333.75,333.05,0.0,2025,0.0,0.0,0.0,0.0,0.0,0.0,0.0,0.0,0.0,0.0,0.0,0.0,0.0,0.0,0.0,1.0,1.0,1.0,1,10,1,3,462.6838633254707,0.751827254555583,0.5317979226884175,0.751827254555583,0.248172745444417,1.1554875055237245e-05,2.6629442435870508e-05,0.0007953719661589,True,0.248172745444417,0.751827254555583,0.5317979226884175,1,0,0,0.0,1,1,1,1,,0,1,1,0,1,0,0,-0.5036545091111659,0.5317979226884175,0.50995404,0.5183491920167113,0.6162259
2025-03-05 08:45:00,2025-03-05 10:30:00,-1,335.5,334.9,pivot,0.6000000000000227,0.120112,0.27988800000002273,8816.472000000716,1.0,2025-03-05,335.9,336.2,335.0,0.0,334.25,335.1,333.55,0.0,2025,0.0,0.0,0.0,0.0,0.0,0.0,0.0,0.0,0.0,0.0,0.0,0.0,0.0,0.0,0.0,1.0,1.0,1.0,1,8,2,3,467.7266751925635,0.2419444664175535,-0.5743624316879111,0.2419444664175535,0.7580555335824465,-9.177598006370748e-07,1.779145191323466e-05,0.0008149434217639,True,0.7580555335824465,0.2419444664175535,-0.5743624316879111,1,0,0,0.0,1,1,1,1,,0,1,0,0,1,0,0,0.516111067164893,0.5743624316879111,0.50995404,0.5179956420733304,0.6141837
2025-03-05 10:30:00,2025-03-05 10:35:00,1,334.9,334.25,pivot,-0.6499999999999773,0.1200745,-0.9700744999999773,-30557.346749999284,1.0,2025-03-05,334.25,335.1,333.55,0.0,334.3,334.6,334.2,0.0,2025,0.0,0.0,0.0,0.0,0.0,0.0,0.0,0.0,0.0,0.0,0.0,0.0,0.0,0.0,0.0,1.0,1.0,1.0,0,10,2,3,607.6250689215557,0.4082284910886636,-0.2050186572084283,0.4082284910886636,0.5917715089113363,-9.177598006370748e-07,1.779145191323466e-05,0.0008149434217639,True,0.4082284910886636,0.5917715089113363,0.2050186572084283,1,0,0,0.0,1,1,1,1,,0,1,1,0,1,0,0,-0.18354301782267274,0.2050186572084283,0.50995404,0.5183491920167113,0.6046411
2025-10-14 13:40:00,2025-10-14 14:05:00,1,495.45,496.75,pivot,1.3000000000000114,0.129766,0.9702340000000115,30562.371000000363,1.0,2025-10-14,494.7,495.8,494.3,0.0,497.6,497.7,496.3,0.0,2025,0.0,0.0,0.0,0.0,0.0,0.0,0.0,0.0,0.0,0.0,0.0,0.0,0.0,0.0,0.0,1.0,0.0,0.0,1,13,1,10,1.320006661264836,0.0030523583409474,-3.7585634934912737,0.0030523583409474,0.9969476416590526,1.526363514603271e-05,2.002898842598171e-05,0.000970186142635,True,0.0030523583409474,0.9969476416590526,3.7585634934912737,1,0,0,0.0,1,1,1,1,,0,1,0,1,0,1,0,-0.9938952833181052,3.7585634934912737,0.5237105,0.7739312139455318,0.62600887
2025-10-15 10:55:00,2025-10-15 11:10:00,-1,504.25,505.4,pivot,-1.1499999999999773,0.1302895,-1.4802894999999772,-46629.11924999928,1.0,2025-10-15,504.7,504.85,504.2,0.0,505.9,506.1,505.25,0.0,2025,0.0,0.0,0.0,0.0,0.0,0.0,0.0,0.0,0.0,0.0,0.0,0.0,0.0,0.0,0.0,1.0,1.0,1.0,0,10,2,10,486.72317044300456,0.6542726544076258,0.2749655797240089,0.6542726544076258,0.3457273455923741,3.8075886882151153e-06,4.479622350049385e-06,0.0010657192935932,True,0.3457273455923741,0.6542726544076258,0.2749655797240089,1,0,0,0.0,1,1,1,1,,0,1,1,0,1,0,0,-0.3085453088152517,0.2749655797240089,0.5047069,0.5369970543405177,0.66598606
2025-10-16 10:40:00,2025-10-16 10:50:00,1,521.6,520.8,pivot,-0.8000000000000682,0.131272,-1.1312720000000684,-35635.06800000215,1.0,2025-10-16,520.9,521.9,520.6,0.0,521.1,521.3,520.5,0.0,2025,0.0,0.0,0.0,0.0,0.0,0.0,0.0,0.0,0.0,0.0,0.0,0.0,0.0,0.0,0.0,1.0,1.0,1.0,0,10,3,10,258.0728727731676,0.1810744941811316,-0.7235773616123504,0.1810744941811316,0.8189255058188684,3.8075886882151153e-06,4.479622350049385e-06,0.0010657192935932,True,0.1810744941811316,0.8189255058188684,0.7235773616123504,1,0,0,0.0,1,1,1,1,,0,1,1,0,1,0,0,-0.6378510116377367,0.7235773616123504,0.5047069,0.5259430545181315,0.64532006
2025-10-16 10:50:00,2025-10-16 12:30:00,-1,520.8,521.75,pivot,-0.9500000000000456,0.1312765,-1.281276500000046,-40360.20975000144,1.0,2025-10-16,521.1,521.3,520.5,0.0,522.2,522.35,521.75,0.0,2025,0.0,0.0,0.0,0.0,0.0,0.0,0.0,0.0,0.0,0.0,0.0,0.0,0.0,0.0,0.0,1.0,1.0,1.0,0,10,3,10,501.0122543841427,0.3966999830928936,-0.1843576261756397,0.3966999830928936,0.6033000169071063,3.8075886882151153e-06,4.479622350049385e-06,0.0010657192935932,True,0.6033000169071063,0.3966999830928936,-0.1843576261756397,1,0,0,0.0,1,1,1,1,,0,1,1,0,1,0,0,0.2066000338142127,0.1843576261756397,0.5047069,0.5259430545181315,0.6095196
2025-10-22 10:40:00,2025-10-22 11:10:00,-1,533.65,535.85,pivot,-2.200000000000045,0.132085,-2.5320850000000457,-79760.67750000143,1.0,2025-10-22,534.15,534.55,533.65,0.0,536.5,536.7,535.75,0.0,2025,0.0,0.0,0.0,0.0,0.0,0.0,0.0,0.0,0.0,0.0,0.0,0.0,0.0,0.0,0.0,1.0,1.0,1.0,0,10,2,10,406.842973649716,0.3614791874191735,-0.2694990020715962,0.3614791874191735,0.6385208125808265,3.221406947631298e-05,4.8367515033529015e-05,0.0012224069622578,True,0.6385208125808265,0.3614791874191735,-0.2694990020715962,1,0,0,0.0,1,1,1,1,,0,1,1,0,1,0,0,0.277041625161653,0.2694990020715962,0.5047069,0.5369970543405177,0.62074316
2025-10-23 10:45:00,2025-10-23 10:55:00,1,542.85,542.6,pivot,-0.25,0.1325635,-0.5825634999999999,-18350.750249999997,1.0,2025-10-23,541.75,543.05,541.7,0.0,543.55,543.6,542.55,0.0,2025,0.0,0.0,0.0,0.0,0.0,0.0,0.0,0.0,0.0,0.0,0.0,0.0,0.0,0.0,0.0,1.0,1.0,2.0,0,10,3,10,410.8856793587327,0.649538073126991,0.2618541426018062,0.649538073126991,0.350461926873009,3.221406947631298e-05,4.8367515033529015e-05,0.0012224069622578,True,0.649538073126991,0.350461926873009,-0.2618541426018062,1,0,0,0.0,1,1,1,1,,0,1,1,0,1,0,0,0.299076146253982,0.2618541426018062,0.51110506,0.5403806088929675,0.6365925
2025-10-23 10:55:00,2025-10-23 12:30:00,-1,542.6,543.0,pivot,-0.3999999999999772,0.132568,-0.7325679999999772,-23075.891999999283,1.0,2025-10-23,543.55,543.6,542.55,0.0,542.65,543.4,542.35,0.0,2025,0.0,0.0,0.0,0.0,0.0,0.0,0.0,0.0,0.0,0.0,0.0,0.0,0.0,0.0,0.0,1.0,1.0,2.0,0,10,3,10,86.71974553036355,0.9235621235540356,1.318330973463558,0.9235621235540356,0.0764378764459643,3.221406947631298e-05,4.8367515033529015e-05,0.0012224069622578,True,0.0764378764459643,0.9235621235540356,1.318330973463558,1,0,0,0.0,1,1,1,1,,0,1,1,0,1,0,0,-0.8471242471080712,1.318330973463558,0.51110506,0.5403806088929675,0.62073857
2025-10-24 10:25:00,2025-10-24 10:55:00,1,545.1,548.25,pivot,3.1499999999999773,0.1328005,2.8171994999999774,88741.78424999928,1.0,2025-10-24,544.1,545.45,544.1,0.0,548.85,548.95,547.95,0.0,2025,0.0,0.0,0.0,0.0,0.0,0.0,0.0,0.0,0.0,0.0,0.0,0.0,0.0,0.0,0.0,1.0,1.0,1.0,1,10,4,10,16.66661432356617,0.0141936716369151,-2.557653295339513,0.0141936716369151,0.9858063283630848,4.567989946516584e-05,6.78456609330454e-05,0.0012439866053345,True,0.0141936716369151,0.9858063283630848,2.557653295339513,1,0,0,0.0,1,1,1,1,,0,1,1,0,1,0,0,-0.9716126567261697,2.557653295339513,0.5047069,0.5223156418797965,0.6182662
2025-10-24 10:55:00,2025-10-24 13:15:00,-1,548.25,549.7,pivot,-1.4500000000000457,0.1329385,-1.7829385000000457,-56162.56275000144,1.0,2025-10-24,548.85,548.95,547.95,0.0,550.2,550.35,549.5,0.0,2025,0.0,0.0,0.0,0.0,0.0,0.0,0.0,0.0,0.0,0.0,0.0,0.0,0.0,0.0,0.0,1.0,1.0,1.0,0,10,4,10,119.64456400207804,0.894438275512749,1.1193113427905468,0.894438275512749,0.1055617244872509,4.567989946516584e-05,6.78456609330454e-05,0.0012439866053345,True,0.1055617244872509,0.894438275512749,1.1193113427905468,1,0,0,0.0,1,1,1,1,,0,1,1,0,1,0,0,-0.7888765510254981,1.1193113427905468,0.5047069,0.5223156418797965,0.61713755
2025-10-27 10:25:00,2025-10-27 10:40:00,1,562.8,564.8,pivot,2.0,0.133828,1.666172,52484.418,1.0,2025-10-27,562.65,563.35,561.95,0.0,564.4,565.0,564.25,0.0,2025,0.0,0.0,0.0,0.0,0.0,0.0,0.0,0.0,0.0,0.0,0.0,0.0,0.0,0.0,0.0,1.0,1.0,1.0,1,10,0,10,78.51783390158,0.9374710536361502,1.4846116138738226,0.9374710536361502,0.0625289463638497,5.842851379273593e-05,8.2445200355371e-05,0.0012623870656768,True,0.9374710536361502,0.0625289463638497,-1.4846116138738226,1,0,0,0.0,1,1,1,1,,0,1,1,0,1,0,0,0.8749421072723005,1.4846116138738226,0.5047069,0.5349722774194401,0.61628854
2025-10-27 10:40:00,2025-10-27 12:05:00,1,564.8,563.95,pivot,-0.849999999999909,0.1338625,-1.183862499999909,-37291.66874999713,1.0,2025-10-27,564.4,565.0,564.25,0.0,564.15,564.25,563.15,0.0,2025,0.0,0.0,0.0,0.0,0.0,0.0,0.0,0.0,0.0,0.0,0.0,0.0,0.0,0.0,0.0,1.0,1.0,1.0,0,10,0,10,139.3768356922623,0.8696971158964102,0.987289050747142,0.8696971158964102,0.1303028841035898,5.842851379273593e-05,8.2445200355371e-05,0.0012623870656768,True,0.8696971158964102,0.1303028841035898,-0.987289050747142,1,0,0,0.0,1,1,1,1,,0,1,1,0,1,0,0,0.7393942317928204,0.987289050747142,0.5047069,0.5349722774194401,0.61085826
2025-11-11 12:10:00,2025-11-11 12:25:00,-1,586.2,585.85,pivot,0.3500000000000227,0.1351615,0.014838500000022707,467.4127500007153,1.0,2025-11-11,585.8,587.1,585.4,0.0,585.5,585.85,585.0,0.0,2025,0.0,0.0,0.0,0.0,0.0,0.0,0.0,0.0,0.0,0.0,0.0,0.0,0.0,0.0,0.0,1.0,1.0,0.0,1,12,1,11,208.518124858572,0.7283302331916791,0.4679234319601325,0.7283302331916791,0.2716697668083209,4.259445900944493e-05,2.8412800923603404e-05,0.0019453481014442,True,0.2716697668083209,0.7283302331916791,0.4679234319601325,1,0,0,0.0,1,1,1,1,,0,1,0,1,1,0,0,-0.4566604663833582,0.4679234319601325,0.50468594,0.5414646231966171,0.6103912
2025-11-11 14:35:00,2025-11-11 14:45:00,1,578.1,579.15,pivot,1.0499999999999543,0.1347175,0.7152824999999545,22531.398749998567,1.0,2025-11-11,579.2,579.55,576.95,0.0,581.1,581.4,578.6,0.0,2025,0.0,0.0,0.0,0.0,0.0,0.0,0.0,0.0,0.0,0.0,0.0,0.0,0.0,0.0,0.0,1.0,1.0,0.0,1,14,1,11,44.37369830188935,0.0583981989625351,-1.4663847797340483,0.0583981989625351,0.9416018010374648,4.262757247960177e-05,3.144154834490784e-05,0.001965073311848,True,0.0583981989625351,0.9416018010374648,1.4663847797340483,1,0,0,0.0,1,1,1,1,,0,1,0,1,1,0,0,-0.8832036020749298,1.4663847797340483,0.50468594,0.5376082332097923,0.64333093
2025-11-12 10:30:00,2025-11-12 11:00:00,-1,583.05,586.15,pivot,-3.1000000000000227,0.135076,-3.4350760000000227,-108204.89400000071,1.0,2025-11-12,583.3,584.0,582.6,0.0,586.0,586.65,585.25,0.0,2025,0.0,0.0,0.0,0.0,0.0,0.0,0.0,0.0,0.0,0.0,0.0,0.0,0.0,0.0,0.0,1.0,1.0,1.0,0,10,2,11,274.1867817131298,0.4403232594028769,-0.1032578843761165,0.4403232594028769,0.559676740597123,4.262757247960177e-05,3.144154834490784e-05,0.001965073311848,True,0.559676740597123,0.4403232594028769,-0.1032578843761165,1,0,0,0.0,1,1,1,1,,0,1,1,0,1,0,0,0.1193534811942461,0.1032578843761165,0.5047069,0.5489975468132628,0.6646422
2025-11-14 10:30:00,2025-11-14 10:35:00,-1,573.1,575.2,pivot,-2.1000000000000227,0.134449,-2.434449000000023,-76685.14350000072,1.0,2025-11-14,575.25,575.55,573.05,0.0,573.6,575.45,573.55,0.0,2025,0.0,0.0,0.0,0.0,0.0,0.0,0.0,0.0,0.0,0.0,0.0,0.0,0.0,0.0,0.0,1.0,1.0,1.0,0,10,4,11,219.1482218859274,0.2914101923265318,-0.40756715472458,0.2914101923265318,0.7085898076734681,1.7267381430128092e-05,1.937653702263528e-05,0.0019733476981256,True,0.7085898076734681,0.2914101923265318,-0.40756715472458,1,0,0,0.0,1,1,1,1,,0,1,1,0,1,0,0,0.4171796153469363,0.40756715472458,0.5047069,0.5343161343525415,0.6552192
2025-11-14 10:35:00,2025-11-14 10:55:00,1,575.2,572.6,pivot,-2.6000000000000227,0.134434,-2.9344340000000226,-92434.67100000072,1.0,2025-11-14,573.6,575.45,573.55,0.0,573.0,573.5,572.4,0.0,2025,0.0,0.0,0.0,0.0,0.0,0.0,0.0,0.0,0.0,0.0,0.0,0.0,0.0,0.0,0.0,1.0,1.0,1.0,0,10,4,11,23.19381471083695,0.9637184212736172,1.8877214716388209,0.9637184212736172,0.0362815787263827,1.7267381430128092e-05,1.937653702263528e-05,0.0019733476981256,True,0.9637184212736172,0.0362815787263827,-1.8877214716388209,1,0,0,0.0,1,1,1,1,,0,1,1,0,1,0,0,0.9274368425472345,1.8877214716388209,0.5047069,0.5343161343525415,0.6420681
2025-11-14 10:55:00,2025-11-14 11:20:00,1,572.6,572.35,pivot,-0.25,0.1343485,-0.5843484999999999,-18406.97775,1.0,2025-11-14,573.0,573.5,572.4,0.0,571.9,572.65,571.75,0.0,2025,0.0,0.0,0.0,0.0,0.0,0.0,0.0,0.0,0.0,0.0,0.0,0.0,0.0,0.0,0.0,1.0,1.0,1.0,0,10,4,11,184.1778382921695,0.7711938285512093,0.5658102736358598,0.7711938285512093,0.2288061714487906,1.7267381430128092e-05,1.937653702263528e-05,0.0019733476981256,True,0.7711938285512093,0.2288061714487906,-0.5658102736358598,1,0,0,0.0,1,1,1,1,,0,1,1,0,1,0,0,0.5423876571024188,0.5658102736358598,0.5047069,0.5343161343525415,0.628847
2025-11-14 14:35:00,2025-11-14 15:10:00,1,565.4,565.7,pivot,0.3000000000000682,0.133933,-0.03393299999993178,-1068.889499997851,1.0,2025-11-14,566.35,566.45,565.15,0.0,565.35,566.0,565.0,0.0,2025,0.0,0.0,0.0,0.0,0.0,0.0,0.0,0.0,0.0,0.0,0.0,0.0,0.0,0.0,0.0,1.0,1.0,0.0,0,14,4,11,159.96699780992665,0.2053329325799662,-0.6368225535421794,0.2053329325799662,0.7946670674200338,1.7267381430128092e-05,1.937653702263528e-05,0.0019733476981256,True,0.2053329325799662,0.7946670674200338,0.6368225535421794,1,0,0,0.0,1,1,1,1,,0,1,0,1,1,0,0,-0.5893341348400676,0.6368225535421794,0.50468594,0.5191909662274218,0.615988
2025-12-11 10:55:00,2025-12-11 11:00:00,-1,589.05,588.15,pivot,0.8999999999999773,0.135316,0.5646839999999773,17787.545999999285,1.0,2025-12-11,588.15,589.15,588.1,0.0,588.0,588.55,587.85,0.0,2025,0.0,0.0,0.0,0.0,0.0,0.0,0.0,0.0,0.0,0.0,0.0,0.0,0.0,0.0,0.0,1.0,1.0,1.0,1,10,3,12,373.8046941680539,0.4395297406628466,-0.1107973017056531,0.4395297406628466,0.5604702593371533,-9.09612047540434e-06,-1.3469375773120691e-05,0.0014105135147013,True,0.5604702593371533,0.4395297406628466,-0.1107973017056531,1,0,0,0.0,1,1,1,1,,0,1,1,0,1,0,0,0.12094051867430672,0.1107973017056531,0.5101736,0.5445949231376657,0.6025891
2025-12-15 10:45:00,2025-12-15 10:50:00,-1,576.6,576.3,pivot,0.3000000000000682,0.134587,-0.0345869999999318,-1089.4904999978517,1.0,2025-12-15,576.25,576.75,575.55,0.0,577.4,577.45,576.15,0.0,2025,0.0,0.0,0.0,0.0,0.0,0.0,0.0,0.0,0.0,0.0,0.0,0.0,0.0,0.0,0.0,1.0,1.0,1.0,0,10,0,12,356.8880301183697,0.3744244676343415,-0.2363191753854604,0.3744244676343415,0.6255755323656584,-9.09612047540434e-06,-1.3469375773120691e-05,0.0014105135147013,True,0.6255755323656584,0.3744244676343415,-0.2363191753854604,1,0,0,0.0,1,1,1,1,,0,1,1,0,1,0,0,0.25115106473131693,0.2363191753854604,0.5101736,0.5475130349278631,0.6022067
2026-01-08 11:00:00,2026-01-08 11:10:00,-1,676.1,674.5,pivot,1.6000000000000227,0.140518,1.2594820000000229,39673.68300000072,1.0,2026-01-08,674.45,676.35,673.15,0.0,673.2,674.7,672.5,0.0,2026,0.0,0.0,0.0,0.0,0.0,0.0,0.0,0.0,0.0,0.0,0.0,0.0,0.0,0.0,0.0,1.0,1.0,2.0,1,11,3,1,207.63160066775012,0.1582483799546727,-0.791414500085864,0.1582483799546727,0.8417516200453272,2.7867210116342785e-05,7.263949846256751e-05,0.0013059830166477,True,0.8417516200453272,0.1582483799546727,-0.791414500085864,1,0,0,0.0,1,1,1,1,,0,1,1,0,1,0,0,0.6835032400906546,0.791414500085864,0.50914,0.5192893515599751,0.61143064
2026-01-08 12:20:00,2026-01-08 12:25:00,1,670.45,669.75,pivot,-0.7000000000000455,0.140206,-1.0402060000000455,-32766.489000001435,1.0,2026-01-08,669.7,670.65,668.65,0.0,669.5,670.3,668.9,0.0,2026,0.0,0.0,0.0,0.0,0.0,0.0,0.0,0.0,0.0,0.0,0.0,0.0,0.0,0.0,0.0,1.0,1.0,0.0,0,12,3,1,12.506860251307163,0.0150749805274121,-2.3363780412718573,0.0150749805274121,0.9849250194725878,2.7867210116342785e-05,7.263949846256751e-05,0.0013059830166477,True,0.0150749805274121,0.9849250194725878,2.3363780412718573,1,0,0,0.0,1,1,1,1,,0,1,0,1,1,0,0,-0.9698500389451757,2.3363780412718573,0.5006344,0.5098808817886125,0.62825155
2026-01-08 12:25:00,2026-01-08 13:15:00,1,669.75,668.7,pivot,-1.0499999999999543,0.1401535,-1.3901534999999545,-43789.83524999857,1.0,2026-01-08,669.5,670.3,668.9,0.0,670.75,670.85,668.7,0.0,2026,0.0,0.0,0.0,0.0,0.0,0.0,0.0,0.0,0.0,0.0,0.0,0.0,0.0,0.0,0.0,1.0,1.0,0.0,0,12,3,1,166.708925245373,0.1285012486728214,-0.912659118009565,0.1285012486728214,0.8714987513271786,2.7867210116342785e-05,7.263949846256751e-05,0.0013059830166477,True,0.1285012486728214,0.8714987513271786,0.912659118009565,1,0,0,0.0,1,1,1,1,,0,1,0,1,1,0,0,-0.7429975026543572,0.912659118009565,0.5006344,0.5098808817886125,0.62441945
2026-01-09 10:30:00,2026-01-09 10:35:00,1,661.1,659.65,pivot,-1.4500000000000457,0.1396225,-1.7896225000000454,-56373.10875000143,1.0,2026-01-09,659.65,661.1,659.3,0.0,659.9,660.05,659.05,0.0,2026,0.0,0.0,0.0,0.0,0.0,0.0,0.0,0.0,0.0,0.0,0.0,0.0,0.0,0.0,0.0,1.0,1.0,1.0,0,10,4,1,38.92368359950274,0.9684689099214658,1.9160579977203889,0.9684689099214658,0.0315310900785341,2.7867210116342785e-05,7.263949846256751e-05,0.0013059830166477,True,0.9684689099214658,0.0315310900785341,-1.9160579977203889,1,0,0,0.0,1,1,1,1,,0,1,1,0,1,0,0,0.9369378198429318,1.9160579977203889,0.50995404,0.5162638787208231,0.6221894
2026-01-09 10:35:00,2026-01-09 12:40:00,1,659.65,669.85,pivot,10.200000000000044,0.139885,9.860115000000047,310593.62250000145,1.0,2026-01-09,659.9,660.05,659.05,0.0,669.95,670.5,669.85,0.0,2026,0.0,0.0,0.0,0.0,0.0,0.0,0.0,0.0,0.0,0.0,0.0,0.0,0.0,0.0,0.0,1.0,1.0,1.0,1,10,4,1,42.21652246217038,0.035029375957098,-1.678986707201667,0.035029375957098,0.964970624042902,2.7867210116342785e-05,7.263949846256751e-05,0.0013059830166477,True,0.035029375957098,0.964970624042902,1.678986707201667,1,0,0,0.0,1,1,1,1,,0,1,1,0,1,0,0,-0.929941248085804,1.678986707201667,0.50995404,0.5162638787208231,0.6293405
2026-01-12 10:30:00,2026-01-12 10:35:00,-1,676.3,676.95,pivot,-0.650000000000091,0.1405975,-0.9905975000000911,-31203.821250002868,1.0,2026-01-12,676.95,677.45,676.3,0.0,677.75,678.45,676.4,0.0,2026,0.0,0.0,0.0,0.0,0.0,0.0,0.0,0.0,0.0,0.0,0.0,0.0,0.0,0.0,0.0,1.0,1.0,1.0,0,10,0,1,149.94203171575882,0.8563044713182146,0.9180176157149036,0.8563044713182146,0.1436955286817853,4.147837044504242e-05,8.67760275737564e-05,0.0013560530653691,True,0.1436955286817853,0.8563044713182146,0.9180176157149036,1,0,0,0.0,1,1,1,1,,0,1,1,0,1,0,0,-0.7126089426364293,0.9180176157149036,0.50995404,0.5300891209779865,0.63337404
2026-01-12 10:35:00,2026-01-12 14:05:00,-1,676.95,674.65,pivot,2.300000000000068,0.140548,1.9594520000000684,61722.73800000215,1.0,2026-01-12,677.75,678.45,676.4,0.0,673.95,674.65,673.35,0.0,2026,0.0,0.0,0.0,0.0,0.0,0.0,0.0,0.0,0.0,0.0,0.0,0.0,0.0,0.0,0.0,1.0,1.0,1.0,1,10,0,1,217.1631445696644,0.788776457599439,0.6444248790619479,0.788776457599439,0.2112235424005609,4.147837044504242e-05,8.67760275737564e-05,0.0013560530653691,True,0.2112235424005609,0.788776457599439,0.6444248790619479,1,0,0,0.0,1,1,1,1,,0,1,1,0,1,0,0,-0.5775529151988781,0.6444248790619479,0.50995404,0.5300891209779865,0.6316881
2026-01-13 10:35:00,2026-01-13 10:45:00,-1,678.7,676.35,pivot,2.3500000000000227,0.1406515,2.009348500000023,63294.47775000072,1.0,2026-01-13,677.45,678.85,676.9,0.0,677.0,677.15,675.8,0.0,2026,0.0,0.0,0.0,0.0,0.0,0.0,0.0,0.0,0.0,0.0,0.0,0.0,0.0,0.0,0.0,1.0,1.0,1.0,1,10,1,1,286.5604015327262,0.2381999360998821,-0.5489000958639926,0.2381999360998821,0.7618000639001179,5.456760355283967e-05,8.881815655280681e-05,0.0013693397414271,True,0.7618000639001179,0.2381999360998821,-0.5489000958639926,1,0,0,0.0,1,1,1,1,,0,1,1,0,1,0,0,0.5236001278002358,0.5489000958639926,0.50995404,0.5258263161997178,0.61608064
2026-01-30 11:50:00,2026-01-30 12:40:00,1,768.85,769.1,pivot,0.25,0.1461385,-0.09613849999999999,-3028.36275,1.0,2026-01-30,770.6,771.4,768.85,0.0,770.9,771.3,768.7,0.0,2026,0.0,0.0,0.0,0.0,0.0,0.0,0.0,0.0,0.0,0.0,0.0,0.0,0.0,0.0,0.0,1.0,1.0,0.0,0,11,4,1,306.8616616313157,0.5142565833806612,0.0340938987098711,0.5142565833806612,0.4857434166193388,8.37236085530292e-05,7.389613306083635e-05,0.0016482019125042,True,0.5142565833806612,0.4857434166193388,-0.0340938987098711,1,0,0,0.0,1,1,1,1,,0,1,1,0,1,0,0,0.028513166761322373,0.0340938987098711,0.5006344,0.5456247809623225,0.60469896
2026-01-30 15:25:00,2026-01-30 15:30:00,1,771.2,768.5,pivot,-2.700000000000045,0.146191,-3.046191000000045,-95955.01650000142,1.0,2026-01-30,768.5,771.75,768.05,0.0,772.15,772.4,768.4,0.0,2026,0.0,0.0,0.0,0.0,0.0,0.0,0.0,0.0,0.0,0.0,0.0,0.0,0.0,0.0,0.0,1.0,1.0,0.0,0,15,4,1,72.06190518112899,0.0785338925556022,-1.3025336840178283,0.0785338925556022,0.9214661074443976,8.37236085530292e-05,7.389613306083635e-05,0.0016482019125042,True,0.0785338925556022,0.9214661074443976,1.3025336840178283,1,0,0,0.0,1,1,1,1,,0,1,0,0,1,0,0,-0.8429322148887954,1.3025336840178283,0.5033306,0.5252038667227642,0.6148914
2026-02-02 10:25:00,2026-02-02 10:35:00,1,757.15,752.7,pivot,-4.449999999999932,0.1452955,-4.7952954999999315,-151051.80824999785,1.0,2026-02-02,757.05,759.25,756.8,0.0,753.35,754.85,752.7,0.0,2026,0.0,0.0,0.0,0.0,0.0,0.0,0.0,0.0,0.0,0.0,0.0,0.0,0.0,0.0,0.0,1.0,1.0,1.0,0,10,0,2,31.684497005485976,0.0443718654859251,-1.7494948878099137,0.0443718654859251,0.9556281345140748,8.641396874179285e-05,8.177334801203932e-05,0.0017052833241906,True,0.0443718654859251,0.9556281345140748,1.7494948878099137,1,0,0,0.0,1,1,1,1,,0,1,1,0,1,0,0,-0.9112562690281497,1.7494948878099137,0.50995404,0.5226119967949799,0.6255387
2026-02-02 10:35:00,2026-02-02 11:45:00,-1,752.7,743.6,pivot,9.100000000000025,0.144889,8.755111000000026,275785.9965000008,1.0,2026-02-02,753.35,754.85,752.7,0.0,740.35,743.95,740.25,0.0,2026,0.0,0.0,0.0,0.0,0.0,0.0,0.0,0.0,0.0,0.0,0.0,0.0,0.0,0.0,0.0,1.0,1.0,1.0,1,10,0,2,5.425110280918882,0.0040805772190146,-3.38823898561969,0.0040805772190146,0.9959194227809852,8.641396874179285e-05,8.177334801203932e-05,0.0017052833241906,True,0.9959194227809852,0.0040805772190146,-3.38823898561969,1,0,0,0.0,1,1,1,1,,0,1,1,0,1,0,0,0.9918388455619707,3.38823898561969,0.50995404,0.5226119967949799,0.6375749
2026-02-02 11:45:00,2026-02-02 13:15:00,1,743.6,729.0,pivot,-14.600000000000025,0.144178,-14.944178000000022,-470741.6070000007,1.0,2026-02-02,740.35,743.95,740.25,0.0,736.3,736.7,728.8,0.0,2026,0.0,0.0,0.0,0.0,0.0,0.0,0.0,0.0,0.0,0.0,0.0,0.0,0.0,0.0,0.0,1.0,0.0,0.0,0,11,0,2,48.14172356681056,0.063196909154574,-1.465741504900612,0.063196909154574,0.936803090845426,8.641396874179285e-05,8.177334801203932e-05,0.0017052833241906,True,0.063196909154574,0.936803090845426,1.465741504900612,1,0,0,0.0,1,1,1,1,,0,1,1,0,0,1,0,-0.873606181690852,1.465741504900612,0.53361994,0.7659946350488461,0.64130425
2026-02-02 13:15:00,2026-02-02 14:20:00,1,729.0,732.55,pivot,3.5499999999999545,0.1438465,3.2061534999999544,100993.83524999856,1.0,2026-02-02,736.3,736.7,728.8,0.0,731.9,733.65,731.45,0.0,2026,0.0,0.0,0.0,0.0,0.0,0.0,0.0,0.0,0.0,0.0,0.0,0.0,0.0,0.0,0.0,1.0,1.0,0.0,1,13,0,2,4.360593543880738,0.996071330361177,3.2187546091278594,0.996071330361177,0.0039286696388229,8.641396874179285e-05,8.177334801203932e-05,0.0017052833241906,True,0.996071330361177,0.0039286696388229,-3.2187546091278594,1,0,0,0.0,1,1,1,1,,0,1,0,1,1,0,0,0.9921426607223541,3.2187546091278594,0.5006344,0.522666500839664,0.6466658
2026-02-02 15:15:00,2026-02-02 15:45:00,1,725.05,722.6,eod,-2.449999999999932,0.1434295,-2.793429499999932,-87993.02924999785,1.0,2026-02-02,725.1,727.0,724.2,0.0,722.6,722.6,722.6,0.0,2026,0.0,0.0,0.0,0.0,0.0,0.0,0.0,0.0,0.0,0.0,0.0,0.0,0.0,0.0,0.0,1.0,1.0,0.0,0,15,0,2,293.1962456735798,0.4541745537349485,-0.0883938082916459,0.4541745537349485,0.5458254462650515,8.641396874179285e-05,8.177334801203932e-05,0.0017052833241906,True,0.4541745537349485,0.5458254462650515,0.0883938082916459,1,0,0,0.0,1,1,1,1,,0,1,0,0,1,0,0,-0.09165089253010295,0.0883938082916459,0.5033306,0.5367532219108834,0.64952683
2026-02-04 08:45:00,2026-02-04 10:25:00,-1,770.95,783.25,pivot,-12.299999999999956,0.146626,-12.646625999999953,-398368.7189999985,1.0,2026-02-04,771.4,772.9,768.5,0.0,783.1,784.6,782.25,0.0,2026,0.0,0.0,0.0,0.0,0.0,0.0,0.0,0.0,0.0,0.0,0.0,0.0,0.0,0.0,0.0,2.0,1.0,1.0,0,8,2,2,21.600033644214225,0.031859806571725,-2.094722025302817,0.031859806571725,0.968140193428275,7.738821747992845e-05,6.579449271519777e-05,0.0018710663092104,True,0.968140193428275,0.031859806571725,-2.094722025302817,1,0,0,0.0,1,1,1,1,,0,1,0,0,1,0,0,0.9362803868565499,2.094722025302817,0.51667947,0.5342004505691336,0.63113123
2026-02-04 10:25:00,2026-02-04 11:25:00,1,783.25,782.55,pivot,-0.7000000000000455,0.146974,-1.0469740000000454,-32979.68100000143,1.0,2026-02-04,783.1,784.6,782.25,0.0,781.95,783.75,780.3,0.0,2026,0.0,0.0,0.0,0.0,0.0,0.0,0.0,0.0,0.0,0.0,0.0,0.0,0.0,0.0,0.0,1.0,1.0,2.0,0,10,2,2,7.65245706019919,0.9907899122967124,2.8039562056291043,0.9907899122967124,0.0092100877032875,7.738821747992845e-05,6.579449271519777e-05,0.0018710663092104,True,0.9907899122967124,0.0092100877032875,-2.8039562056291043,1,0,0,0.0,1,1,1,1,,0,1,1,0,1,0,0,0.981579824593425,2.8039562056291043,0.5197103,0.5492052433992036,0.6086749
2026-02-06 10:35:00,2026-02-06 11:00:00,-1,725.7,740.1,pivot,-14.399999999999975,0.143974,-14.743973999999977,-464435.1809999993,1.0,2026-02-06,731.1,731.1,725.7,0.0,744.35,744.9,739.85,0.0,2026,0.0,0.0,0.0,0.0,0.0,0.0,0.0,0.0,0.0,0.0,0.0,0.0,0.0,0.0,0.0,1.0,1.0,1.0,0,10,4,2,34.25523875388327,0.0554879776398041,-1.664764977011319,0.0554879776398041,0.944512022360196,5.289460424300975e-05,5.752032188535173e-05,0.0020174224592479,True,0.944512022360196,0.0554879776398041,-1.664764977011319,1,0,0,0.0,1,1,1,1,,0,1,1,0,1,0,0,0.889024044720392,1.664764977011319,0.50995404,0.5087867545378166,0.6084117
2026-02-06 11:00:00,2026-02-06 11:35:00,1,740.1,749.8,pivot,9.699999999999932,0.144697,9.35530299999993,294692.0444999978,1.0,2026-02-06,744.35,744.9,739.85,0.0,751.45,751.8,749.7,0.0,2026,0.0,0.0,0.0,0.0,0.0,0.0,0.0,0.0,0.0,0.0,0.0,0.0,0.0,0.0,0.0,1.0,2.0,2.0,1,11,4,2,28.87916957141636,0.9592262470844448,1.6824155653558943,0.9592262470844448,0.0407737529155551,5.289460424300975e-05,5.752032188535173e-05,0.0020174224592479,True,0.9592262470844448,0.0407737529155551,-1.6824155653558943,1,0,0,0.0,1,1,1,1,,0,1,1,0,0,0,0,0.9184524941688897,1.6824155653558943,0.50914,0.5491119538034389,0.61920524
2026-02-06 11:35:00,2026-02-06 12:15:00,1,749.8,743.65,pivot,-6.149999999999977,0.1448035,-6.4948034999999775,-204586.31024999928,1.0,2026-02-06,751.45,751.8,749.7,0.0,743.55,745.4,743.1,0.0,2026,0.0,0.0,0.0,0.0,0.0,0.0,0.0,0.0,0.0,0.0,0.0,0.0,0.0,0.0,0.0,1.0,2.0,2.0,0,11,4,2,205.26468651218207,0.6844212436999824,0.4014089114967898,0.6844212436999824,0.3155787563000176,5.289460424300975e-05,5.752032188535173e-05,0.0020174224592479,True,0.6844212436999824,0.3155787563000176,-0.4014089114967898,1,0,0,0.0,1,1,1,1,,0,1,1,0,0,0,0,0.3688424873999648,0.4014089114967898,0.50914,0.5491119538034389,0.62232864
2026-02-09 10:40:00,2026-02-09 12:05:00,-1,777.55,780.05,pivot,-2.5,0.146728,-2.846728,-89671.932,1.0,2026-02-09,780.35,780.7,776.95,0.0,782.25,782.55,779.9,0.0,2026,0.0,0.0,0.0,0.0,0.0,0.0,0.0,0.0,0.0,0.0,0.0,0.0,0.0,0.0,0.0,1.0,1.0,1.0,0,10,0,2,29.30177709973353,0.0350365682056534,-1.9239886475135648,0.0350365682056534,0.9649634317943464,4.216743096303528e-05,5.952200045666753e-05,0.0021987337573686,True,0.9649634317943464,0.0350365682056534,-1.9239886475135648,1,0,0,0.0,1,1,1,1,,0,1,1,0,1,0,0,0.929926863588693,1.9239886475135648,0.50995404,0.5226119967949799,0.61970115
2026-02-10 08:45:00,2026-02-10 10:30:00,1,783.8,783.3,pivot,-0.5,0.147013,-0.847013,-26680.9095,1.0,2026-02-10,786.6,787.2,783.8,0.0,780.65,783.35,780.45,0.0,2026,0.0,0.0,0.0,0.0,0.0,0.0,0.0,0.0,0.0,0.0,0.0,0.0,0.0,0.0,0.0,1.0,1.0,1.0,0,8,1,2,10.008618475611598,0.9861035978833704,2.591620243452612,0.9861035978833704,0.0138964021166296,4.216743096303528e-05,5.952200045666753e-05,0.0021987337573686,True,0.9861035978833704,0.0138964021166296,-2.591620243452612,1,0,0,0.0,1,1,1,1,,0,1,0,0,1,0,0,0.9722071957667409,2.591620243452612,0.50995404,0.5127522255285921,0.6195941
2026-02-10 10:30:00,2026-02-10 11:15:00,-1,783.3,786.25,pivot,-2.950000000000045,0.1470865,-3.2970865000000456,-103858.22475000143,1.0,2026-02-10,780.65,783.35,780.45,0.0,785.7,786.5,784.8,0.0,2026,0.0,0.0,0.0,0.0,0.0,0.0,0.0,0.0,0.0,0.0,0.0,0.0,0.0,0.0,0.0,1.0,1.0,1.0,0,10,1,2,38.229599062118616,0.0577256130566501,-1.621006296393138,0.0577256130566501,0.94227438694335,4.216743096303528e-05,5.952200045666753e-05,0.0021987337573686,True,0.94227438694335,0.0577256130566501,-1.621006296393138,1,0,0,0.0,1,1,1,1,,0,1,1,0,1,0,0,0.8845487738866998,1.621006296393138,0.50995404,0.5183491920167113,0.61148787
2026-03-03 13:10:00,2026-03-03 14:10:00,1,882.65,880.45,pivot,-2.199999999999932,0.152893,-2.552892999999932,-80416.12949999786,1.0,2026-03-03,883.5,886.85,881.7,0.0,880.4,881.15,876.4,0.0,2026,0.0,0.0,0.0,0.0,0.0,0.0,0.0,0.0,0.0,0.0,0.0,0.0,0.0,0.0,0.0,1.0,1.0,0.0,0,13,1,3,47.25918165803724,0.0613999089278458,-1.5034907467097034,0.0613999089278458,0.938600091072154,9.17139810189688e-05,0.0001302569107613,0.0020055209872097,True,0.0613999089278458,0.938600091072154,1.5034907467097034,1,0,0,0.0,1,1,1,1,,0,1,0,1,1,0,0,-0.8772001821443083,1.5034907467097034,0.50965536,0.5461026325561956,0.6063311
2026-03-03 14:35:00,2026-03-03 15:10:00,1,873.7,865.2,pivot,-8.5,0.152167,-8.852167000000001,-278843.26050000003,1.0,2026-03-03,872.65,874.45,869.65,0.0,863.4,865.65,862.8,0.0,2026,0.0,0.0,0.0,0.0,0.0,0.0,0.0,0.0,0.0,0.0,0.0,0.0,0.0,0.0,0.0,1.0,1.0,0.0,0,14,1,3,2.840917162621765,0.0045239163096764,-2.825206440993861,0.0045239163096764,0.9954760836903236,9.17139810189688e-05,0.0001302569107613,0.0020055209872097,True,0.0045239163096764,0.9954760836903236,2.825206440993861,1,0,0,0.0,1,1,1,1,,0,1,0,1,1,0,0,-0.9909521673806472,2.825206440993861,0.50965536,0.5422462425693709,0.61271226
2026-03-03 15:10:00,2026-03-03 15:45:00,1,865.2,859.6,eod,-5.600000000000023,0.151744,-5.951744000000023,-187479.93600000071,1.0,2026-03-03,863.4,865.65,862.8,0.0,859.6,859.6,859.6,0.0,2026,0.0,0.0,0.0,0.0,0.0,0.0,0.0,0.0,0.0,0.0,0.0,0.0,0.0,0.0,0.0,1.0,0.0,0.0,0,15,1,3,11.359542589509218,0.0090538755986263,-2.47973499834675,0.0090538755986263,0.9909461244013736,9.17139810189688e-05,0.0001302569107613,0.0020055209872097,True,0.0090538755986263,0.9909461244013736,2.47973499834675,1,0,0,0.0,1,1,1,1,,0,1,0,0,0,1,0,-0.9818922488027474,2.47973499834675,0.5425894,0.7945357836946962,0.60868526
2026-03-05 15:10:00,2026-03-05 15:45:00,-1,829.2,820.0,eod,9.200000000000044,0.149476,8.850524000000046,278791.50600000145,1.0,2026-03-05,831.55,834.7,828.75,0.0,820.0,820.0,820.0,0.0,2026,0.0,0.0,0.0,0.0,0.0,0.0,0.0,0.0,0.0,0.0,0.0,0.0,0.0,0.0,0.0,1.0,0.0,1.0,1,15,3,3,10.88893614203969,0.0278462423386844,-1.714763097235349,0.0278462423386844,0.9721537576613156,3.294412368800298e-05,-1.942055130268935e-05,0.0032492653733775,True,0.9721537576613156,0.0278462423386844,-1.714763097235349,1,0,0,0.0,1,1,1,1,,0,1,0,0,0,1,0,0.9443075153226312,1.714763097235349,0.5236276,0.726212667893108,0.6085068
2026-03-09 13:35:00,2026-03-09 14:35:00,1,756.0,774.3,pivot,18.299999999999955,0.145909,17.954090999999956,565553.8664999986,1.0,2026-03-09,753.9,756.95,753.9,0.0,771.75,776.65,769.85,0.0,2026,0.0,0.0,0.0,0.0,0.0,0.0,0.0,0.0,0.0,0.0,0.0,0.0,0.0,0.0,0.0,1.0,1.0,0.0,1,13,0,3,151.70400312365302,0.2850850489653516,-0.3198726763256053,0.2850850489653516,0.7149149510346484,2.989935927432016e-05,-2.2148976144304302e-05,0.0034435069382985,True,0.2850850489653516,0.7149149510346484,0.3198726763256053,1,0,0,0.0,1,1,1,1,,0,1,0,1,1,0,0,-0.42982990206929683,0.3198726763256053,0.50965536,0.5332233553119531,0.6032015
2026-03-09 14:35:00,2026-03-09 15:10:00,-1,774.3,768.7,pivot,5.599999999999909,0.14629,5.253709999999909,165491.86499999714,1.0,2026-03-09,771.75,776.65,769.85,0.0,770.3,771.15,767.9,0.0,2026,0.0,0.0,0.0,0.0,0.0,0.0,0.0,0.0,0.0,0.0,0.0,0.0,0.0,0.0,0.0,1.0,2.0,2.0,1,14,0,3,17.17640614408741,0.9592364662474104,1.375807410761285,0.9592364662474104,0.0407635337525896,3.746748150715008e-05,-6.276583710700366e-06,0.0036271551713259,True,0.0407635337525896,0.9592364662474104,1.375807410761285,1,0,0,0.0,1,1,1,1,,0,1,0,1,0,0,0,-0.9184729324948209,1.375807410761285,0.50914,0.5598770394266327,0.60869
2026-03-10 10:35:00,2026-03-10 11:40:00,-1,829.4,826.35,pivot,3.0499999999999545,0.1496725,2.700327499999955,85060.31624999858,1.0,2026-03-10,828.9,831.05,827.85,0.0,822.85,826.95,822.6,0.0,2026,0.0,0.0,0.0,0.0,0.0,0.0,0.0,0.0,0.0,0.0,0.0,0.0,0.0,0.0,0.0,1.0,1.0,1.0,1,10,1,3,123.10434563480224,0.7851956122815775,0.4840838331347277,0.7851956122815775,0.2148043877184224,3.746748150715008e-05,-6.276583710700366e-06,0.0036271551713259,True,0.2148043877184224,0.7851956122815775,0.4840838331347277,1,0,0,0.0,1,1,1,1,,0,1,1,0,1,0,0,-0.5703912245631552,0.4840838331347277,0.50995404,0.5183491920167113,0.6217191
2026-03-10 11:45:00,2026-03-10 12:30:00,1,822.85,816.85,pivot,-6.0,0.149191,-6.349191,-199999.5165,1.0,2026-03-10,820.1,823.75,819.7,0.0,814.4,817.4,814.3,0.0,2026,0.0,0.0,0.0,0.0,0.0,0.0,0.0,0.0,0.0,0.0,0.0,0.0,0.0,0.0,0.0,1.0,0.0,1.0,0,11,1,3,29.80635041525996,0.0754822479758025,-1.1517850449471834,0.0754822479758025,0.9245177520241976,3.746748150715008e-05,-6.276583710700366e-06,0.0036271551713259,True,0.0754822479758025,0.9245177520241976,1.1517850449471834,1,0,0,0.0,1,1,1,1,,0,1,1,0,0,1,0,-0.8490355040483951,1.1517850449471834,0.5305238,0.7067905255624399,0.6223855
2026-03-10 12:30:00,2026-03-10 13:00:00,1,816.85,810.45,pivot,-6.399999999999977,0.148819,-6.748818999999977,-212587.79849999928,1.0,2026-03-10,814.4,817.4,814.3,0.0,807.3,811.9,806.65,0.0,2026,0.0,0.0,0.0,0.0,0.0,0.0,0.0,0.0,0.0,0.0,0.0,0.0,0.0,0.0,0.0,1.0,0.0,0.0,0,12,1,3,59.04090917419265,0.1338815467719076,-0.773413107849927,0.1338815467719076,0.8661184532280923,3.746748150715008e-05,-6.276583710700366e-06,0.0036271551713259,True,0.1338815467719076,0.8661184532280923,0.773413107849927,1,0,0,0.0,1,1,1,1,,0,1,0,1,0,1,0,-0.7322369064561847,0.773413107849927,0.5425894,0.7806436716173284,0.6180464
2026-03-10 13:00:00,2026-03-10 13:10:00,1,810.45,810.5,pivot,0.0499999999999545,0.1486285,-0.2986285000000454,-9406.797750001431,1.0,2026-03-10,807.3,811.9,806.65,0.0,813.85,814.35,810.25,0.0,2026,0.0,0.0,0.0,0.0,0.0,0.0,0.0,0.0,0.0,0.0,0.0,0.0,0.0,0.0,0.0,1.0,0.0,0.0,0,13,1,3,100.62310516947578,0.20982950102468,-0.5080665927307985,0.20982950102468,0.79017049897532,3.746748150715008e-05,-6.276583710700366e-06,0.0036271551713259,True,0.20982950102468,0.79017049897532,0.5080665927307985,1,0,0,0.0,1,1,1,1,,0,1,0,1,0,1,0,-0.58034099795064,0.5080665927307985,0.5425894,0.7806436716173284,0.60711473
2026-03-24 08:45:00,2026-03-24 10:30:00,1,844.65,821.4,pivot,-23.25,0.1499815,-23.5999815,-743399.4172499999,1.0,2026-03-24,844.4,846.7,841.05,0.0,818.95,821.45,816.6,0.0,2026,0.0,0.0,0.0,0.0,0.0,0.0,0.0,0.0,0.0,0.0,0.0,0.0,0.0,0.0,0.0,2.0,2.0,2.0,0,8,1,3,120.5609596283396,0.758677684154033,0.4619117987794134,0.758677684154033,0.2413223158459669,-3.738803653299857e-05,-7.876367889264873e-05,0.0038041679968976,True,0.758677684154033,0.2413223158459669,-0.4619117987794134,1,0,0,0.0,1,1,1,1,,0,1,0,0,0,0,0,0.5173553683080662,0.4619117987794134,0.5264262,0.6145432976387111,0.6002301
2026-03-24 12:30:00,2026-03-24 13:25:00,-1,825.85,823.65,pivot,2.200000000000045,0.149485,1.8505150000000457,58291.22250000144,1.0,2026-03-24,821.45,826.05,821.0,0.0,823.1,824.55,822.2,0.0,2026,0.0,0.0,0.0,0.0,0.0,0.0,0.0,0.0,0.0,0.0,0.0,0.0,0.0,0.0,0.0,1.0,1.0,2.0,1,12,1,3,98.49753255267444,0.8071836326717717,0.578290001911853,0.8071836326717717,0.1928163673282282,-3.738803653299857e-05,-7.876367889264873e-05,0.0038041679968976,True,0.1928163673282282,0.8071836326717717,0.578290001911853,1,0,0,0.0,1,1,1,1,,0,1,0,1,1,0,0,-0.6143672653435435,0.578290001911853,0.50914,0.5140584518218951,0.60061216
2026-03-25 10:30:00,2026-03-25 10:35:00,-1,857.05,857.45,pivot,-0.4000000000000909,0.151435,-0.7514350000000909,-23670.202500002863,1.0,2026-03-25,857.4,858.7,855.8,0.0,858.25,859.95,856.75,0.0,2026,0.0,0.0,0.0,0.0,0.0,0.0,0.0,0.0,0.0,0.0,0.0,0.0,0.0,0.0,0.0,1.0,1.0,2.0,0,10,2,3,103.95814386558088,0.2481963345623037,-0.4636512662042353,0.2481963345623037,0.7518036654376963,-5.718760058292445e-06,-5.777644344679211e-05,0.0037722620621869,True,0.7518036654376963,0.2481963345623037,-0.4636512662042353,1,0,0,0.0,1,1,1,1,,0,1,1,0,1,0,0,0.5036073308753926,0.4636512662042353,0.5197103,0.5492052433992036,0.6013335
2026-03-31 13:30:00,2026-03-31 13:55:00,1,754.2,752.6,pivot,-1.6000000000000227,0.145204,-1.9452040000000228,-61273.92600000072,1.0,2026-03-31,756.55,757.25,754.2,0.0,752.5,752.95,751.15,0.0,2026,0.0,0.0,0.0,0.0,0.0,0.0,0.0,0.0,0.0,0.0,0.0,0.0,0.0,0.0,0.0,1.0,1.0,0.0,0,13,1,3,197.03353443192137,0.4762083056126606,-0.0462859165587626,0.4762083056126606,0.5237916943873393,5.405555581096729e-05,4.184575209199726e-05,0.0023363254969441,True,0.4762083056126606,0.5237916943873393,0.0462859165587626,1,0,0,0.0,1,1,1,1,,0,1,0,1,1,0,0,-0.047583388774678714,0.0462859165587626,0.50965536,0.5461026325561956,0.6276253
2026-03-31 13:55:00,2026-03-31 14:10:00,-1,752.6,753.1,pivot,-0.5,0.145171,-0.845171,-26622.8865,1.0,2026-03-31,752.5,752.95,751.15,0.0,750.0,753.95,750.0,0.0,2026,0.0,0.0,0.0,0.0,0.0,0.0,0.0,0.0,0.0,0.0,0.0,0.0,0.0,0.0,0.0,1.0,1.0,0.0,0,13,1,3,125.98131004171158,0.2171542053828644,-0.6997923331509399,0.2171542053828644,0.7828457946171355,5.405555581096729e-05,4.184575209199726e-05,0.0023363254969441,True,0.7828457946171355,0.2171542053828644,-0.6997923331509399,1,0,0,0.0,1,1,1,1,,0,1,0,1,1,0,0,0.5656915892342711,0.6997923331509399,0.50965536,0.5461026325561956,0.6039767
2026-03-31 14:10:00,2026-03-31 14:40:00,-1,753.1,755.0,pivot,-1.8999999999999773,0.145243,-2.2452429999999772,-70725.15449999928,1.0,2026-03-31,750.0,753.95,750.0,0.0,755.55,755.8,753.7,0.0,2026,0.0,0.0,0.0,0.0,0.0,0.0,0.0,0.0,0.0,0.0,0.0,0.0,0.0,0.0,0.0,1.0,1.0,0.0,0,14,1,3,130.44920996429315,0.2257939213378233,-0.671055433218482,0.2257939213378233,0.7742060786621767,5.405555581096729e-05,4.184575209199726e-05,0.0023363254969441,True,0.7742060786621767,0.2257939213378233,-0.671055433218482,1,0,0,0.0,1,1,1,1,,0,1,0,1,1,0,0,0.5484121573243534,0.671055433218482,0.50965536,0.5422462425693709,0.60832256
2026-03-31 15:10:00,2026-03-31 15:20:00,1,747.85,747.2,pivot,-0.6499999999999773,0.1448515,-0.9948514999999772,-31337.822249999284,1.0,2026-03-31,746.55,748.25,746.2,0.0,749.4,749.4,746.2,0.0,2026,0.0,0.0,0.0,0.0,0.0,0.0,0.0,0.0,0.0,0.0,0.0,0.0,0.0,0.0,0.0,1.0,1.0,0.0,0,15,1,3,28.23409821236985,0.0391946177554587,-1.75999010325096,0.0391946177554587,0.9608053822445412,5.405555581096729e-05,4.184575209199726e-05,0.0023363254969441,True,0.0391946177554587,0.9608053822445412,1.75999010325096,1,0,0,0.0,1,1,1,1,,0,1,0,0,1,0,0,-0.9216107644890824,1.75999010325096,0.5053966,0.5537654049174158,0.6085613
2026-04-01 10:30:00,2026-04-01 11:40:00,1,799.6,801.85,pivot,2.25,0.1480435,1.9019565000000003,59911.62975000001,1.0,2026-04-01,799.2,800.85,798.5,0.0,802.9,803.3,801.5,0.0,2026,0.0,0.0,0.0,0.0,0.0,0.0,0.0,0.0,0.0,0.0,0.0,0.0,0.0,0.0,0.0,1.0,1.0,1.0,1,10,2,4,42.77979854385109,0.9317739994099832,1.4565974585033097,0.9317739994099832,0.0682260005900167,5.405555581096729e-05,4.184575209199726e-05,0.0023363254969441,True,0.9317739994099832,0.0682260005900167,-1.4565974585033097,1,0,0,0.0,1,1,1,1,,0,1,1,0,1,0,0,0.8635479988199665,1.4565974585033097,0.50995404,0.5183491920167113,0.6138575
2026-04-01 11:40:00,2026-04-01 11:50:00,-1,801.85,802.35,pivot,-0.5,0.148126,-0.848126,-26715.969,1.0,2026-04-01,802.9,803.3,801.5,0.0,803.15,803.35,802.2,0.0,2026,0.0,0.0,0.0,0.0,0.0,0.0,0.0,0.0,0.0,0.0,0.0,0.0,0.0,0.0,0.0,1.0,1.0,2.0,0,11,2,4,148.12528389362737,0.762083213197877,0.6231214084443101,0.762083213197877,0.237916786802123,5.405555581096729e-05,4.184575209199726e-05,0.0023363254969441,True,0.237916786802123,0.762083213197877,0.6231214084443101,1,0,0,0.0,1,1,1,1,,0,1,1,0,1,0,0,-0.524166426395754,0.6231214084443101,0.50914,0.5032499880173319,0.6165867
2026-04-01 11:50:00,2026-04-01 12:20:00,-1,802.35,804.25,pivot,-1.8999999999999773,0.148198,-2.2481979999999773,-70818.23699999928,1.0,2026-04-01,803.15,803.35,802.2,0.0,803.8,805.15,803.7,0.0,2026,0.0,0.0,0.0,0.0,0.0,0.0,0.0,0.0,0.0,0.0,0.0,0.0,0.0,0.0,0.0,1.0,1.0,2.0,0,11,2,4,177.4097267707965,0.3470149138709283,-0.337887928780694,0.3470149138709283,0.6529850861290716,5.405555581096729e-05,4.184575209199726e-05,0.0023363254969441,True,0.6529850861290716,0.3470149138709283,-0.337887928780694,1,0,0,0.0,1,1,1,1,,0,1,1,0,1,0,0,0.30597017225814327,0.337887928780694,0.50914,0.5032499880173319,0.6158682
2026-04-02 10:25:00,2026-04-02 15:45:00,1,799.5,779.45,eod,-20.049999999999955,0.1473685,-20.397368499999956,-642517.1077499986,1.0,2026-04-02,800.4,801.85,792.1,0.0,779.45,779.45,779.45,0.0,2026,0.0,0.0,0.0,0.0,0.0,0.0,0.0,0.0,0.0,0.0,0.0,0.0,0.0,0.0,0.0,2.0,0.0,0.0,0,10,3,4,2.720722848656021,0.0029868776309771,-3.4896889574044323,0.0029868776309771,0.9970131223690228,5.287561276078334e-05,3.462062839882771e-05,0.0023120378576878,True,0.0029868776309771,0.9970131223690228,3.4896889574044323,1,0,0,0.0,1,1,1,1,,0,1,1,0,0,1,0,-0.9940262447380458,3.4896889574044323,0.54231644,0.7522991319714656,0.6108146
2026-05-13 12:50:00,2026-05-13 13:45:00,1,1209.35,1214.5,pivot,5.150000000000091,0.1727155,4.777284500000091,150484.46175000287,1.0,2026-05-13,1209.25,1209.7,1206.7,0.0,1215.35,1216.0,1212.35,0.0,2026,0.0,0.0,0.0,0.0,0.0,0.0,0.0,0.0,0.0,0.0,0.0,0.0,0.0,0.0,0.0,1.0,1.0,2.0,1,12,2,5,253.074292422816,0.2875624798355786,-0.2814373658304731,0.2875624798355786,0.7124375201644214,3.4035809740415096e-05,1.6464422453852916e-05,0.0022616646450602,True,0.2875624798355786,0.7124375201644214,0.2814373658304731,1,0,0,0.0,1,1,1,1,,0,1,0,1,1,0,0,-0.4248750403288428,0.2814373658304731,0.50914,0.5011025591996634,0.600245
2026-05-14 10:25:00,2026-05-14 10:30:00,1,1242.35,1245.45,pivot,3.1000000000001364,0.174634,2.7253660000001356,85849.02900000427,1.0,2026-05-14,1245.35,1245.45,1241.15,0.0,1245.9,1247.7,1244.4,0.0,2026,0.0,0.0,0.0,0.0,0.0,0.0,0.0,0.0,0.0,0.0,0.0,0.0,0.0,0.0,0.0,1.0,1.0,2.0,1,10,3,5,29.25256381386125,0.9544445809582928,1.4091299880149817,0.9544445809582928,0.0455554190417071,5.870502021725934e-05,6.376990967716056e-05,0.0023867970711127,True,0.9544445809582928,0.0455554190417071,-1.4091299880149817,1,0,0,0.0,1,1,1,1,,0,1,1,0,1,0,0,0.9088891619165856,1.4091299880149817,0.5173392,0.5345218315289454,0.6356193
2026-05-14 10:30:00,2026-05-14 10:50:00,1,1245.45,1241.35,pivot,-4.100000000000136,0.174604,-4.474604000000137,-140950.02600000432,1.0,2026-05-14,1245.9,1247.7,1244.4,0.0,1236.85,1242.55,1236.75,0.0,2026,0.0,0.0,0.0,0.0,0.0,0.0,0.0,0.0,0.0,0.0,0.0,0.0,0.0,0.0,0.0,1.0,1.0,2.0,0,10,3,5,67.93323120684873,0.9107337763663416,1.0175115119749238,0.9107337763663416,0.0892662236336584,5.870502021725934e-05,6.376990967716056e-05,0.0023867970711127,True,0.9107337763663416,0.0892662236336584,-1.0175115119749238,1,0,0,0.0,1,1,1,1,,0,1,1,0,1,0,0,0.8214675527326831,1.0175115119749238,0.5173392,0.5345218315289454,0.65669847
2026-05-14 10:50:00,2026-05-14 11:15:00,-1,1241.35,1234.3,pivot,7.0499999999999545,0.1742695,6.675730499999954,210285.51074999856,1.0,2026-05-14,1236.85,1242.55,1236.75,0.0,1232.75,1235.65,1232.55,0.0,2026,0.0,0.0,0.0,0.0,0.0,0.0,0.0,0.0,0.0,0.0,0.0,0.0,0.0,0.0,0.0,1.0,1.0,1.0,1,10,3,5,68.0296555241599,0.1064524577811335,-0.8696851871852662,0.1064524577811335,0.8935475422188665,5.870502021725934e-05,6.376990967716056e-05,0.0023867970711127,True,0.8935475422188665,0.1064524577811335,-0.8696851871852662,1,0,0,0.0,1,1,1,1,,0,1,1,0,1,0,0,0.7870950844377329,0.8696851871852662,0.5075804,0.5106550274582812,0.66469336
2026-05-14 11:50:00,2026-05-14 11:55:00,1,1226.75,1226.7,pivot,-0.0499999999999545,0.1736035,-0.42360349999995456,-13343.510249998568,1.0,2026-05-14,1226.55,1229.5,1225.75,0.0,1224.75,1226.8,1223.6,0.0,2026,0.0,0.0,0.0,0.0,0.0,0.0,0.0,0.0,0.0,0.0,0.0,0.0,0.0,0.0,0.0,1.0,1.0,0.0,0,11,3,5,14.557243393716226,0.028801804472569,-1.9006278425766523,0.028801804472569,0.971198195527431,5.870502021725934e-05,6.376990967716056e-05,0.0023867970711127,True,0.028801804472569,0.971198195527431,1.9006278425766523,1,0,0,0.0,1,1,1,1,,0,1,1,0,1,0,0,-0.9423963910548621,1.9006278425766523,0.50965536,0.5650935309404327,0.66511786
2026-05-14 11:55:00,2026-05-14 12:25:00,1,1226.7,1230.35,pivot,3.649999999999864,0.1737115,3.2762884999998634,103203.0877499957,1.0,2026-05-14,1224.75,1226.8,1223.6,0.0,1231.7,1233.85,1230.35,0.0,2026,0.0,0.0,0.0,0.0,0.0,0.0,0.0,0.0,0.0,0.0,0.0,0.0,0.0,0.0,0.0,1.0,1.0,0.0,1,11,3,5,301.0485917974133,0.375794081444429,-0.1633296448467859,0.375794081444429,0.624205918555571,5.870502021725934e-05,6.376990967716056e-05,0.0023867970711127,True,0.375794081444429,0.624205918555571,0.1633296448467859,1,0,0,0.0,1,1,1,1,,0,1,1,0,1,0,0,-0.24841183711114195,0.1633296448467859,0.50965536,0.5650935309404327,0.6229812
2026-05-20 12:35:00,2026-05-20 13:10:00,-1,1108.15,1122.3,pivot,-14.149999999999864,0.1669135,-14.516913499999863,-457282.7752499957,1.0,2026-05-20,1111.5,1114.6,1107.8,0.0,1124.1,1125.05,1118.35,0.0,2026,0.0,0.0,0.0,0.0,0.0,0.0,0.0,0.0,0.0,0.0,0.0,0.0,0.0,0.0,0.0,1.0,1.0,0.0,0,12,2,5,121.66919718477853,0.234710989993103,-0.4747510847118767,0.234710989993103,0.765289010006897,3.5006671793285134e-05,1.8213885074856903e-05,0.0030767601163411,True,0.765289010006897,0.234710989993103,-0.4747510847118767,1,0,0,0.0,1,1,1,1,,0,1,0,1,1,0,0,0.530578020013794,0.4747510847118767,0.50965536,0.5356435457181504,0.600631
2026-05-27 10:25:00,2026-05-27 10:30:00,1,1330.65,1328.25,pivot,-2.400000000000091,0.179767,-2.779767000000091,-87562.66050000286,1.0,2026-05-27,1328.3,1331.15,1325.35,0.0,1327.8,1331.6,1325.6,0.0,2026,0.0,0.0,0.0,0.0,0.0,0.0,0.0,0.0,0.0,0.0,0.0,0.0,0.0,0.0,0.0,1.0,1.0,1.0,0,10,2,5,12.539936622980711,0.9693746134580216,1.910026637596748,0.9693746134580216,0.0306253865419784,0.0001045827646898,3.917470703994623e-05,0.0033741978367146,True,0.9693746134580216,0.0306253865419784,-1.910026637596748,1,0,0,0.0,1,1,1,1,,0,1,1,0,1,0,0,0.9387492269160431,1.910026637596748,0.5075804,0.5142534869249903,0.60258484
2026-05-27 10:30:00,2026-05-27 11:20:00,1,1328.25,1334.25,pivot,6.0,0.179875,5.620125,177033.9375,1.0,2026-05-27,1327.8,1331.6,1325.6,0.0,1338.25,1338.4,1333.15,0.0,2026,0.0,0.0,0.0,0.0,0.0,0.0,0.0,0.0,0.0,0.0,0.0,0.0,0.0,0.0,0.0,1.0,1.0,1.0,1,10,2,5,102.16159354784556,0.2292594334968046,-0.5354725154608111,0.2292594334968046,0.7707405665031953,0.0001045827646898,3.917470703994623e-05,0.0033741978367146,True,0.2292594334968046,0.7707405665031953,0.5354725154608111,1,0,0,0.0,1,1,1,1,,0,1,1,0,1,0,0,-0.5414811330063907,0.5354725154608111,0.5075804,0.5142534869249903,0.6025139
2026-06-01 14:25:00,2026-06-01 14:55:00,-1,1408.4,1411.95,pivot,-3.5499999999999545,0.1846105,-3.9346104999999545,-123940.23074999856,1.0,2026-06-01,1400.2,1409.35,1399.7,0.0,1412.15,1414.95,1410.0,0.0,2026,0.0,0.0,0.0,0.0,0.0,0.0,0.0,0.0,0.0,0.0,0.0,0.0,0.0,0.0,0.0,1.0,0.0,0.0,0,14,0,6,48.0347712065456,0.1177192739672361,-1.0035127688967993,0.1177192739672361,0.8822807260327639,2.5300698368281443e-05,-9.106640186071068e-07,0.0034596542471185,True,0.8822807260327639,0.1177192739672361,-1.0035127688967993,1,0,0,0.0,1,1,1,1,,0,1,0,1,0,1,0,0.7645614520655277,1.0035127688967993,0.5425894,0.770594096297213,0.624751
2026-06-02 11:00:00,2026-06-02 11:25:00,-1,1365.5,1374.25,pivot,-8.75,0.1821925,-9.132192499999999,-287664.06375,1.0,2026-06-02,1368.35,1372.35,1364.75,0.0,1376.5,1380.4,1372.3,0.0,2026,0.0,0.0,0.0,0.0,0.0,0.0,0.0,0.0,0.0,0.0,0.0,0.0,0.0,0.0,0.0,1.0,0.0,0.0,0,11,1,6,16.54965688894276,0.040573859560547,-1.6767785800470538,0.040573859560547,0.959426140439453,3.654203235984425e-05,-8.725510212143581e-06,0.0036956616884674,True,0.959426140439453,0.040573859560547,-1.6767785800470538,1,0,0,0.0,1,1,1,1,,0,1,1,0,0,1,0,0.9188522808789059,1.6767785800470538,0.5425894,0.7706462954867644,0.6459348
2026-06-02 11:25:00,2026-06-02 12:00:00,-1,1374.25,1385.25,pivot,-11.0,0.182785,-11.382785000000002,-358557.72750000004,1.0,2026-06-02,1376.5,1380.4,1372.3,0.0,1381.35,1388.9,1380.65,0.0,2026,0.0,0.0,0.0,0.0,0.0,0.0,0.0,0.0,0.0,0.0,0.0,0.0,0.0,0.0,0.0,1.0,1.0,0.0,0,11,1,6,86.94087747662594,0.2065531412386736,-0.5974698793710149,0.2065531412386736,0.7934468587613264,3.654203235984425e-05,-8.725510212143581e-06,0.0036956616884674,True,0.7934468587613264,0.2065531412386736,-0.5974698793710149,1,0,0,0.0,1,1,1,1,,0,1,1,0,1,0,0,0.5868937175226527,0.5974698793710149,0.50965536,0.5754700979075469,0.63037956
2026-06-08 12:05:00,2026-06-08 12:25:00,-1,1232.2,1238.85,pivot,-6.649999999999864,0.1741315,-7.024131499999863,-221260.1422499957,1.0,2026-06-08,1237.85,1241.5,1232.2,0.0,1236.9,1238.95,1234.0,0.0,2026,0.0,0.0,0.0,0.0,0.0,0.0,0.0,0.0,0.0,0.0,0.0,0.0,0.0,0.0,0.0,1.0,1.0,2.0,0,12,0,6,34.578754024702114,0.0839891282999683,-1.2469194054279007,0.0839891282999683,0.9160108717000316,1.361659843923194e-05,-2.257812518944779e-05,0.0035220599363639,True,0.9160108717000316,0.0839891282999683,-1.2469194054279007,1,0,0,0.0,1,1,1,1,,0,1,0,1,1,0,0,0.8320217434000633,1.2469194054279007,0.50914,0.5059815301303544,0.6130474
2026-06-08 12:25:00,2026-06-08 13:00:00,-1,1238.85,1234.8,pivot,4.0499999999999545,0.1742095,3.6757904999999544,115787.40074999856,1.0,2026-06-08,1236.9,1238.95,1234.0,0.0,1234.9,1239.15,1231.3,0.0,2026,0.0,0.0,0.0,0.0,0.0,0.0,0.0,0.0,0.0,0.0,0.0,0.0,0.0,0.0,0.0,1.0,1.0,2.0,1,12,0,6,10.30461777864995,0.9806454622920724,2.2036876351971406,0.9806454622920724,0.0193545377079277,1.361659843923194e-05,-2.257812518944779e-05,0.0035220599363639,True,0.0193545377079277,0.9806454622920724,2.2036876351971406,1,0,0,0.0,1,1,1,1,,0,1,0,1,1,0,0,-0.9612909245841447,2.2036876351971406,0.50914,0.5059815301303544,0.63196456
2026-06-08 13:50:00,2026-06-08 14:20:00,-1,1218.3,1208.15,pivot,10.149999999999864,0.1727935,9.777206499999863,307982.0047499957,1.0,2026-06-08,1216.55,1224.45,1215.95,0.0,1212.65,1213.2,1207.55,0.0,2026,0.0,0.0,0.0,0.0,0.0,0.0,0.0,0.0,0.0,0.0,0.0,0.0,0.0,0.0,0.0,1.0,0.0,0.0,1,13,0,6,150.75006433283428,0.4413723375319667,-0.0984598379409536,0.4413723375319667,0.5586276624680333,1.361659843923194e-05,-2.257812518944779e-05,0.0035220599363639,True,0.5586276624680333,0.4413723375319667,-0.0984598379409536,1,0,0,0.0,1,1,1,1,,0,1,0,1,0,1,0,0.11725532493606661,0.0984598379409536,0.5425894,0.770594096297213,0.63382965
2026-06-08 14:20:00,2026-06-08 14:45:00,-1,1208.15,1193.6,pivot,14.550000000000182,0.1720525,14.177947500000183,446605.34625000576,1.0,2026-06-08,1212.65,1213.2,1207.55,0.0,1188.9,1194.05,1186.25,0.0,2026,0.0,0.0,0.0,0.0,0.0,0.0,0.0,0.0,0.0,0.0,0.0,0.0,0.0,0.0,0.0,1.0,1.0,0.0,1,14,0,6,90.89483191242024,0.7938224434615052,0.653365152988501,0.7938224434615052,0.2061775565384948,1.361659843923194e-05,-2.257812518944779e-05,0.0035220599363639,True,0.2061775565384948,0.7938224434615052,0.653365152988501,1,0,0,0.0,1,1,1,1,,0,1,0,1,1,0,0,-0.5876448869230104,0.653365152988501,0.50965536,0.518645878643201,0.6397904
2026-06-08 14:45:00,2026-06-08 15:10:00,-1,1193.6,1193.65,pivot,-0.0500000000001819,0.1716175,-0.4216175000001819,-13280.95125000573,1.0,2026-06-08,1188.9,1194.05,1186.25,0.0,1186.0,1194.15,1185.65,0.0,2026,0.0,0.0,0.0,0.0,0.0,0.0,0.0,0.0,0.0,0.0,0.0,0.0,0.0,0.0,0.0,1.0,0.0,0.0,0,14,0,6,29.05673614814731,0.0715078905449755,-1.3580730784755708,0.0715078905449755,0.9284921094550244,1.361659843923194e-05,-2.257812518944779e-05,0.0035220599363639,True,0.9284921094550244,0.0715078905449755,-1.3580730784755708,1,0,0,0.0,1,1,1,1,,0,1,0,1,0,1,0,0.8569842189100488,1.3580730784755708,0.5425894,0.770594096297213,0.62600195
2026-06-08 15:10:00,2026-06-08 15:45:00,-1,1193.65,1178.25,eod,15.400000000000093,0.171157,15.028843000000089,473408.5545000028,1.0,2026-06-08,1186.0,1194.15,1185.65,0.0,1178.25,1178.25,1178.25,0.0,2026,0.0,0.0,0.0,0.0,0.0,0.0,0.0,0.0,0.0,0.0,0.0,0.0,0.0,0.0,0.0,1.0,0.0,0.0,1,15,0,6,148.32123220086714,0.42140950953905,-0.1362712449512712,0.42140950953905,0.57859049046095,1.361659843923194e-05,-2.257812518944779e-05,0.0035220599363639,True,0.57859049046095,0.42140950953905,-0.1362712449512712,1,0,0,0.0,1,1,1,1,,0,1,0,0,0,1,0,0.15718098092190003,0.1362712449512712,0.5425894,0.7916559075688199,0.6064358
2026-06-10 12:00:00,2026-06-10 13:35:00,1,1238.45,1210.3,pivot,-28.15000000000009,0.1734625,-28.523462500000093,-898489.0687500029,1.0,2026-06-10,1242.55,1243.55,1238.15,0.0,1206.65,1211.9,1204.8,0.0,2026,0.0,0.0,0.0,0.0,0.0,0.0,0.0,0.0,0.0,0.0,0.0,0.0,0.0,0.0,0.0,1.0,1.0,0.0,0,12,2,6,132.0716310425086,0.6492904695779926,0.2965117211619396,0.6492904695779926,0.3507095304220073,4.887415470348049e-05,2.3419548109482183e-05,0.0035994912298808,True,0.6492904695779926,0.3507095304220073,-0.2965117211619396,1,0,0,0.0,1,1,1,1,,0,1,0,1,1,0,0,0.2985809391559853,0.2965117211619396,0.50965536,0.5356435457181504,0.61030304
2026-06-10 13:35:00,2026-06-10 14:30:00,1,1210.3,1214.95,pivot,4.650000000000091,0.1727575,4.277242500000091,134733.13875000286,1.0,2026-06-10,1206.65,1211.9,1204.8,0.0,1205.3,1215.7,1204.75,0.0,2026,0.0,0.0,0.0,0.0,0.0,0.0,0.0,0.0,0.0,0.0,0.0,0.0,0.0,0.0,0.0,1.0,0.0,0.0,1,13,2,6,146.2439617069884,0.4436993156921247,-0.0983201365636169,0.4436993156921247,0.5563006843078753,4.887415470348049e-05,2.3419548109482183e-05,0.0035994912298808,True,0.4436993156921247,0.5563006843078753,0.0983201365636169,1,0,0,0.0,1,1,1,1,,0,1,0,1,0,1,0,-0.1126013686157506,0.0983201365636169,0.5425894,0.7825921160981738,0.63233185
2026-06-10 14:30:00,2026-06-10 15:30:00,1,1214.95,1229.95,pivot,15.0,0.173347,14.626653,460739.5695,1.0,2026-06-10,1205.3,1215.7,1204.75,0.0,1231.4,1233.0,1229.85,0.0,2026,0.0,0.0,0.0,0.0,0.0,0.0,0.0,0.0,0.0,0.0,0.0,0.0,0.0,0.0,0.0,1.0,1.0,0.0,1,14,2,6,1.3700433933536629,0.995566257394135,3.410097898584989,0.995566257394135,0.004433742605865,4.887415470348049e-05,2.3419548109482183e-05,0.0035994912298808,True,0.995566257394135,0.004433742605865,-3.410097898584989,1,0,0,0.0,1,1,1,1,,0,1,0,1,1,0,0,0.9911325147882699,3.410097898584989,0.50965536,0.5359255333824356,0.6390377
2026-06-11 10:25:00,2026-06-11 10:40:00,1,1226.65,1230.2,pivot,3.5499999999999545,0.1737055,3.1762944999999543,100053.27674999856,1.0,2026-06-11,1233.4,1235.0,1224.3,0.0,1230.35,1235.5,1227.0,0.0,2026,0.0,0.0,0.0,0.0,0.0,0.0,0.0,0.0,0.0,0.0,0.0,0.0,0.0,0.0,0.0,1.0,2.0,2.0,1,10,3,6,54.12035106827975,0.1358661432093707,-0.9567345401933206,0.1358661432093707,0.8641338567906293,4.887415470348049e-05,2.3419548109482183e-05,0.0035994912298808,True,0.1358661432093707,0.8641338567906293,0.9567345401933206,1,0,0,0.0,1,1,1,1,,0,1,1,0,0,0,0,-0.7282677135812585,0.9567345401933206,0.5173392,0.560478054402042,0.6111717
